SOURCE,SOURCEID,OBJECTID,VENUEID,NAME,ADDRESS,CITY,STATE,ZIP,ZIP4,TELEPHONE,TYPE,STATUS,CAPACITY,COUNTY,COUNTYFIPS,COUNTRY,LATITUDE,LONGITUDE,NAICS_CODE,NAICS_DESC,URL,NAME2,NAME3,FORMERNM,STARTDATE,COMPLAINTS,ORDERS,COMPLAINT_ORDER_FACTOR,SOURCE_SYSTEM
Sterling Commerce,93848,206,242,WRIGLEY FIELD CHICAGO INC,1062 WEST ADDISON STREET,CHICAGO,IL,60613,4397,(800) 843-2827,SINGLE USE,OPEN,41160,COOK,27031,USA,41.94806003,-87.65564994,711310,PROMOTERS OF PERFORMING ARTS SPORTS AND SIMILAR EVENTS WITH FACILITIES,https://www.mlb.com/cubs/ballpark/,,,,2010-06-01,5,7,86,Salesforce
Sterling Commerce,47465,272,385,INDIANAPOLIS MOTOR SPEEDWAY,4790 WEST 16TH STREET,INDIANAPOLIS,IN,46222,2550,(317) 492-8500,MULTIUSE,OPEN,257325,MARION,41047,USA,39.7949,-86.23485,711212,RACETRACKS,https://www.indianapolismotorspeedway.com/,,,,2013-04-01,3,5,60,Salesforce
Sterling Commerce,SCC_3217,25,47,GULFSTREAM PARK WEST,21001 NW 27TH AVE,MIAMI GARDENS,FL,33056,,(305) 625-1311,SINGLE USE,OPEN,15000,MIAMI-DADE,12086,USA,25.9701579,-80.24102255,711212,RACETRACKS,http://www.gulfstreampark.com/racing/news-details/2017/10/02/racing-shifts-to-gulfstream-west-wednesday-oct.-4,CALDER CASINO AND RACE COURSE,,CALDER RACE TRACK,2015-06-01,2,3,67,Salesforce
Sterling Commerce,SCC_3757,31,53,FIRSTENERGY STADIUM,100 ALFRED LERNER WAY,CLEVELAND,OH,44114,,(440) 891-5001,SINGLE USE,OPEN,67895,CUYAHOGA,39035,USA,41.50602531,-81.69957248,711310,PROMOTERS OF PERFORMING ARTS SPORTS AND SIMILAR EVENTS WITH FACILITIES,http://firstenergystadium.com/,,,CLEVELAND BROWNS STADIUM,2016-10-01,1,4,50,Salesforce
Sterling Commerce,SCC_1168,33,55,PAUL BROWN STADIUM,1 PAUL BROWN STADIUM,CINCINNATI,OH,45202,3418,(513) 455-4800,SINGLE USE,OPEN,65515,HAMILTON,20075,USA,39.09546,-84.51605,711310,PROMOTERS OF PERFORMING ARTS SPORTS AND SIMILAR EVENTS WITH FACILITIES,https://www.bengals.com/stadium/,,,,2017-05-01,1,3,67,Salesforce
Sterling Commerce,SCC_2633,34,383,HEINZ FIELD,100 ART ROONEY AVENUE,PITTSBURGH,PA,15212,,(412) 697-7150,MULTIUSE,OPEN,65500,ALLEGHENY,42003,USA,40.44672999,-80.01574004,711310,PROMOTERS OF PERFORMING ARTS SPORTS AND SIMILAR EVENTS WITH FACILITIES,http://heinzfield.com/stadium/,,,,2016-01-01,1,4,50,Salesforce
Sterling Commerce,SCC_2285,36,58,LUCAS OIL STADIUM,500 SOUTH CAPITOL AVENUE,INDIANAPOLIS,IN,46225,,(317) 262-8600,SINGLE USE,OPEN,62421,MARION,41047,USA,39.76005949,-86.1635383,711310,PROMOTERS OF PERFORMING ARTS SPORTS AND SIMILAR EVENTS WITH FACILITIES,http://www.lucasoilstadium.com/,,,,2017-05-01,1,3,67,Salesforce
Sterling Commerce,SCC_4049,44,66,AT&T STADIUM,1 LEGENDS WAY,ARLINGTON,TX,76011,,(817) 892-4000,SINGLE USE,OPEN,80000,TARRANT,48439,USA,32.74779903,-97.09302827,711310,PROMOTERS OF PERFORMING ARTS SPORTS AND SIMILAR EVENTS WITH FACILITIES,http://attstadium.com/,,,COWBOYS STADIUM,2018-03-01,1,4,50,Salesforce
Sterling Commerce,SCC_4177,45,67,METLIFE STADIUM,1 METLIFE STADIUM DRIVE,EAST RUTHERFORD,NJ,7073,,(201) 559-1515,MULTIUSE,OPEN,82500,BERGEN,34003,USA,40.81353862,-74.07439241,711310,PROMOTERS OF PERFORMING ARTS SPORTS AND SIMILAR EVENTS WITH FACILITIES,http://www.metlifestadium.com/,,,NEW MEADOWLANDS STADIUM,2018-05-01,1,3,67,Salesforce
Sterling Commerce,SCC_4349,46,373,LINCOLN FINANCIAL FIELD,1020 PATTISON AVENUE,PHILADELPHIA,PA,19148,,(215) 667-6100,MULTIUSE,OPEN,68532,PHILADELPHIA,42101,USA,39.90078,-75.16743,711310,PROMOTERS OF PERFORMING ARTS SPORTS AND SIMILAR EVENTS WITH FACILITIES,http://www.lincolnfinancialfield.com/,,,,2018-01-01,1,3,67,Salesforce
Sterling Commerce,SCC_1695,49,71,SOLDIER FIELD,1410 SOUTH MUSEUM CAMPUS DRIVE,CHICAGO,IL,60605,,(312) 235-7000,SINGLE USE,OPEN,61500,COOK,27031,USA,41.8623573,-87.61669859,711310,PROMOTERS OF PERFORMING ARTS SPORTS AND SIMILAR EVENTS WITH FACILITIES,http://www.soldierfield.net/,,,,2019-11-01,1,3,67,Salesforce
Sterling Commerce,SCC_4940,50,73,BANK OF AMERICA STADIUM,800 SOUTH MINT STREET,CHARLOTTE,NC,28202,,(704) 358-7000,SINGLE USE,OPEN,75525,MECKLENBURG,37119,USA,35.22581,-80.85282,711310,PROMOTERS OF PERFORMING ARTS SPORTS AND SIMILAR EVENTS WITH FACILITIES,http://www.panthers.com/stadium/index.html,,,,2018-10-01,1,5,40,Salesforce
Sterling Commerce,SCC_1578,52,392,MERCEDES-BENZ SUPERDOME,1500 SUGAR BOWL DRIVE,NEW ORLEANS,LA,70112,1255,(504) 587-3663,SINGLE USE,OPEN,76468,ORLEANS,22071,USA,29.95105291,-90.08131568,711310,PROMOTERS OF PERFORMING ARTS SPORTS AND SIMILAR EVENTS WITH FACILITIES,http://www.superdome.com/,,,LOUISIANA SUPERDOME,2017-11-01,1,3,67,Salesforce
Sterling Commerce,SCC_4851,53,400,RAYMOND JAMES STADIUM,4201 NORTH DALE MABRY HIGHWAY,TAMPA,FL,33607,6103,(813) 350-6500,MULTIUSE,OPEN,65890,HILLSBOROUGH,12057,USA,27.97593,-82.5033,711310,PROMOTERS OF PERFORMING ARTS SPORTS AND SIMILAR EVENTS WITH FACILITIES,http://raymondjamesstadium.com/,,,,2011-09-01,1,4,50,Salesforce
Sterling Commerce,SCC_3738,54,365,CENTURYLINK FIELD,800 OCCIDENTAL AVENUE SOUTH,SEATTLE,WA,98134,1200,(206) 381-7555,MULTIUSE,OPEN,72000,KING,53033,USA,47.59517049,-122.3315619,711310,PROMOTERS OF PERFORMING ARTS SPORTS AND SIMILAR EVENTS WITH FACILITIES,http://www.centurylinkfield.com/,,,QWEST FIELD,2013-06-01,1,4,50,Salesforce
Sterling Commerce,SCC_1937,56,81,CENTENNIAL BANK STADIUM,2180 AGGIE ROAD,JONESBORO,AR,72401,,(870) 934-9000,SINGLE USE,OPEN,30406,CRAIGHEAD,5031,USA,35.84893,-90.6672,711310,PROMOTERS OF PERFORMING ARTS SPORTS AND SIMILAR EVENTS WITH FACILITIES,http://www.astateredwolves.com/ViewArticle.dbml?ATCLID=207063,,,ASU STADIUM,2018-04-01,1,4,50,Salesforce
Sterling Commerce,SCC_2911,60,86,LOS ANGELES MEMORIAL COLISEUM,3911 SOUTH FIGUEROA STREET,LOS ANGELES,CA,90037,,(213) 747-7111,MULTIUSE,OPEN,92348,LOS ANGELES,6037,USA,34.01406091,-118.2879585,711310,PROMOTERS OF PERFORMING ARTS SPORTS AND SIMILAR EVENTS WITH FACILITIES,https://www.lacoliseum.com/,,,,2017-01-01,1,5,40,Salesforce
Sterling Commerce,SCC_1632,64,90,SPARTAN STADIUM (CALIFORNIA),1350 SOUTH 7TH STREET,SAN JOSE,CA,95112,,(408) 924-7589,SINGLE USE,OPEN,30456,SANTA CLARA,6085,USA,37.31972,-121.86829,711310,PROMOTERS OF PERFORMING ARTS SPORTS AND SIMILAR EVENTS WITH FACILITIES,http://www.sjsuspartans.com/facilities/sjsu-facilities.html#stadium,,,,2011-06-01,1,3,67,Salesforce
Sterling Commerce,SCC_1845,65,91,FOLSOM FIELD,2400 COLORADO AVE,BOULDER,CO,80302,,(303) 492-8900,SINGLE USE,OPEN,50183,BOULDER,8013,USA,40.00947,-105.2669,711310,PROMOTERS OF PERFORMING ARTS SPORTS AND SIMILAR EVENTS WITH FACILITIES,https://cubuffs.com/facilities/?id=1,,,,2014-06-01,1,4,50,Salesforce
Sterling Commerce,SCC_2438,69,95,BOBBY BOWDEN FIELD AT DOAK CAMPBELL STADIUM,403 STADIUM DRIVE,TALLAHASSEE,FL,32304,,(850) 645-1318,SINGLE USE,OPEN,79560,LEON,48289,USA,30.43817,-84.30439,711310,PROMOTERS OF PERFORMING ARTS SPORTS AND SIMILAR EVENTS WITH FACILITIES,http://seminoles.com/sports/football/facilities/bobby-bowden-field-at-doak-s-campbell-stadium/,,,DOAK CAMPBELL STADIUM,2019-07-01,1,3,67,Salesforce
Sterling Commerce,SCC_3674,73,100,SANFORD STADIUM,SANFORD DRIVE AND FIELD STREET,ATHENS,GA,30605,,(706) 542-9036,SINGLE USE,OPEN,92746,CLARKE,19039,USA,33.94980281,-83.37338835,711310,PROMOTERS OF PERFORMING ARTS SPORTS AND SIMILAR EVENTS WITH FACILITIES,https://georgiadogs.com/sports/2017/6/16/sanford-stadium.aspx,,,,2017-01-01,1,5,40,Salesforce
Sterling Commerce,SCC_1126,77,104,ALBERTSONS STADIUM,1400 BRONCO LANE,BOISE,ID,83706,,(208) 426-4737,SINGLE USE,OPEN,36387,ADA,16001,USA,43.60283,-116.19586,711310,PROMOTERS OF PERFORMING ARTS SPORTS AND SIMILAR EVENTS WITH FACILITIES,https://broncosports.com/facilities/?id=1,,,BRONCO STADIUM,2015-03-01,1,4,50,Salesforce
Sterling Commerce,SCC_3954,79,106,MEMORIAL STADIUM (ILLINOIS),1402 S 1ST ST,CHAMPAIGN,IL,61820,,(217) 333-1400,SINGLE USE,OPEN,60670,CHAMPAIGN,17019,USA,40.09934272,-88.23595593,711310,PROMOTERS OF PERFORMING ARTS SPORTS AND SIMILAR EVENTS WITH FACILITIES,https://fightingillini.com/sports/2015/3/24/memorialstadium.aspx,,,,2012-03-01,1,5,40,Salesforce
Sterling Commerce,SCC_2683,85,112,DONALD W. REYNOLDS RAZORBACK STADIUM,350 N RAZORBACK RD,FAYETTEVILLE,AR,72701,,(479) 575-7641,SINGLE USE,OPEN,72000,WASHINGTON,48477,USA,36.06809,-94.17894,711310,PROMOTERS OF PERFORMING ARTS SPORTS AND SIMILAR EVENTS WITH FACILITIES,http://arkansasrazorbacks.com/page/donald-w-reynolds-razorback-stadium,,,,2013-06-01,1,5,40,Salesforce
Sterling Commerce,SCC_3767,87,114,HUSKIE STADIUM,1245 STADIUM DRIVE SOUTH,DEKALB,IL,60115,,(815) 243-1824,SINGLE USE,OPEN,24000,DEKALB,29063,USA,41.93395,-88.77781,711310,PROMOTERS OF PERFORMING ARTS SPORTS AND SIMILAR EVENTS WITH FACILITIES,https://niuhuskies.com/facilities/?id=6,BRIGHAM FIELD AT HUSKIE STADIUM,,,2018-06-01,1,5,40,Salesforce
Sterling Commerce,SCC_4436,92,119,DAVID BOOTH KANSAS MEMORIAL STADIUM,1017 WEST 11TH STREET,LAWRENCE,KS,66044,,(785) 864-3141,SINGLE USE,OPEN,50071,DOUGLAS,32005,USA,38.96304652,-95.24633851,711310,PROMOTERS OF PERFORMING ARTS SPORTS AND SIMILAR EVENTS WITH FACILITIES,https://kuathletics.com/sports/2013/6/27/facilities-memorial-stadium.aspx?id=201,,,MEMORIAL STADIUM,2010-06-01,1,5,40,Salesforce
Sterling Commerce,SCC_3380,96,124,TIGER STADIUM,WEST STADIUM ROAD,BATON ROUGE,LA,70802,,(225) 578-2184,SINGLE USE,OPEN,102321,EAST BATON ROUGE,22033,USA,30.41203,-91.1838,711310,PROMOTERS OF PERFORMING ARTS SPORTS AND SIMILAR EVENTS WITH FACILITIES,http://www.lsusports.net/ViewArticle.dbml?ATCLID=177159,DEATH VALLEY,,,2018-03-01,1,3,67,Salesforce
Sterling Commerce,SCC_2680,97,125,CAJUN FIELD,2351 W CONGRESS STREET,LAFAYETTE,LA,70506,,(337) 265-2100,SINGLE USE,OPEN,41426,LAFAYETTE,22055,USA,30.21586,-92.04171,711310,PROMOTERS OF PERFORMING ARTS SPORTS AND SIMILAR EVENTS WITH FACILITIES,http://www.ragincajuns.com/sports/2012/8/14/Cajun%20Field.aspx?id=504,THE SWAMP,,,2017-09-01,1,3,67,Salesforce
Sterling Commerce,SCC_3296,103,131,MICHIGAN STADIUM,1201 SOUTH MAIN STREET,ANN ARBOR,MI,48104,3722,(734) 647-2583,SINGLE USE,OPEN,107601,WASHTENAW,26161,USA,42.26587226,-83.74874721,711310,PROMOTERS OF PERFORMING ARTS SPORTS AND SIMILAR EVENTS WITH FACILITIES,https://mgoblue.com/sports/2017/6/16/facilities-michigan-stadium-html.aspx,THE BIG HOUSE,,,2018-09-01,1,3,67,Salesforce
Sterling Commerce,SCC_2149,105,133,KELLY/SHORTS STADIUM,2300 EAST CAMPUS DRIVE,MOUNT PLEASANT,MI,48858,,(989) 774-2842,SINGLE USE,OPEN,30255,ISABELLA,26073,USA,43.57762,-84.77082,711310,PROMOTERS OF PERFORMING ARTS SPORTS AND SIMILAR EVENTS WITH FACILITIES,https://cmuchippewas.com/sports/2018/7/6/facilities-football-facilities-html.aspx,,,,2019-01-01,1,3,67,Salesforce
Sterling Commerce,SCC_3388,106,134,RYNEARSON STADIUM,184 WESTVIEW STREET,YPSILANTI,MI,48197,,(734) 487-1029,SINGLE USE,OPEN,30200,WASHTENAW,26161,USA,42.25592,-83.64738,711310,PROMOTERS OF PERFORMING ARTS SPORTS AND SIMILAR EVENTS WITH FACILITIES,http://www.emueagles.com/sports/2005/11/8/RynearsonStadium.aspx?id=38,THE FACTORY,,,2015-09-01,1,5,40,Salesforce
Sterling Commerce,SCC_2777,113,141,BB&T FIELD,411 DEACON BOULEVARD,WINSTON-SALEM,NC,27105,,(336) 758-3322,SINGLE USE,OPEN,31500,FORSYTH,13117,USA,36.13056,-80.25455,711310,PROMOTERS OF PERFORMING ARTS SPORTS AND SIMILAR EVENTS WITH FACILITIES,http://www.wakeforestsports.com/facilities/wake-bbt-field.html,GROVES STADIUM,,,2016-04-01,1,4,50,Salesforce
Sterling Commerce,SCC_3100,116,144,DOWDY-FINKLEN STADIUM,100 FICKLEN DRIVE,GREENVILLE,NC,27858,4353,(252) 328-6131,SINGLE USE,OPEN,50000,PITT,37147,USA,35.59647,-77.36526,711310,PROMOTERS OF PERFORMING ARTS SPORTS AND SIMILAR EVENTS WITH FACILITIES,https://ecupirates.com/facilities/?id=1,,,,2012-12-01,1,5,40,Salesforce
Sterling Commerce,SCC_1444,123,379,CARRIER DOME,FORESTRY DRIVE AND CROUSE DRIVE,SYRACUSE,NY,13210,,(315) 443-4634,MULTIUSE,OPEN,49250,ONONDAGA,36067,USA,43.03623468,-76.13629261,711310,PROMOTERS OF PERFORMING ARTS SPORTS AND SIMILAR EVENTS WITH FACILITIES,https://cuse.com/sports/2001/8/7/carrierdome.aspx,THE LOUD HOUSE,,,2017-01-01,1,4,50,Salesforce
Sterling Commerce,SCC_4238,125,153,UB STADIUM,AUGSPURGER AND WEBSTER ROAD,AMHERST,NY,14228,,(716) 645-6900,SINGLE USE,OPEN,30270,ERIE,39043,USA,42.99913,-78.7775,711310,PROMOTERS OF PERFORMING ARTS SPORTS AND SIMILAR EVENTS WITH FACILITIES,http://www.ubbulls.com/facilities/ubstadium,,,,2017-12-01,1,4,50,Salesforce
Sterling Commerce,SCC_3323,129,157,DOYT PERRY STADIUM,STADIUM DRIVE,BOWLING GREEN,OH,43403,,(419) 372-7075,SINGLE USE,OPEN,24000,WOOD,55141,USA,41.37805,-83.62248,711310,PROMOTERS OF PERFORMING ARTS SPORTS AND SIMILAR EVENTS WITH FACILITIES,http://www.bgsusports.com/mambo/index.php?Itemid=54&id=22&option=com_content&task=view,,,,2014-02-01,1,3,67,Salesforce
Sterling Commerce,SCC_2300,132,160,PEDEN STADIUM,SOUTH GREEN DRIVE AND RICHLAND AVENUE,ATHENS,OH,45701,,(740) 593-4491,SINGLE USE,OPEN,24000,ATHENS,39009,USA,39.32101,-82.10293,711310,PROMOTERS OF PERFORMING ARTS SPORTS AND SIMILAR EVENTS WITH FACILITIES,http://www.ohiobobcats.com/facilities/peden-stadium/index,,,,2019-04-01,1,5,40,Salesforce
Sterling Commerce,SCC_1888,138,166,BEAVER STADIUM,CURTIN ROAD AND PORTER ROAD,STATE COLLEGE,PA,16802,,(814) 863-1000,SINGLE USE,OPEN,106572,CENTRE,42027,USA,40.81217,-77.85608,711310,PROMOTERS OF PERFORMING ARTS SPORTS AND SIMILAR EVENTS WITH FACILITIES,http://www.gopsusports.com/facilities/beaver-stadium.html,,,,2018-05-01,1,5,40,Salesforce
Sterling Commerce,SCC_4193,144,174,JOHNNY RED FLOYD STADIUM,FAULKINBERRY DRIVE AND NORMAL WAY,MURFREESBORO,TN,37132,,(615) 898-2570,SINGLE USE,OPEN,30788,RUTHERFORD,37161,USA,35.85114,-86.36814,711310,PROMOTERS OF PERFORMING ARTS SPORTS AND SIMILAR EVENTS WITH FACILITIES,https://goblueraiders.com/sports/2014/7/9/FB_0709140906.aspx,,,,2019-03-01,1,4,50,Salesforce
Sterling Commerce,SCC_1769,147,178,KYLE FIELD,JOE ROUTT BOULEVARD,COLLEGE STATION,TX,77843,,(888) 992-4443,SINGLE USE,OPEN,102733,BRAZOS,48041,USA,30.60993,-96.34042,711310,PROMOTERS OF PERFORMING ARTS SPORTS AND SIMILAR EVENTS WITH FACILITIES,https://12thman.com/facilities/?id=1,,,,2014-11-01,1,3,67,Salesforce
Sterling Commerce,SCC_1662,148,179,GERALD J. FORD STADIUM,5801 AIRLINE ROAD,DALLAS,TX,75205,,(214) 768-1617,SINGLE USE,OPEN,32000,DALLAS,19049,USA,32.83774,-96.78277,711310,PROMOTERS OF PERFORMING ARTS SPORTS AND SIMILAR EVENTS WITH FACILITIES,https://smumustangs.com/facilities/?id=2,,,,2010-03-01,1,5,40,Salesforce
Sterling Commerce,SCC_3023,149,181,RICE STADIUM,6100 SOUTH MAIN STREET,HOUSTON,TX,77005,,(713) 522-6957,SINGLE USE,OPEN,47000,HARRIS,48201,USA,29.71633,-95.40932,711310,PROMOTERS OF PERFORMING ARTS SPORTS AND SIMILAR EVENTS WITH FACILITIES,https://riceowls.com/facilities/?id=3,,,,2011-05-01,1,3,67,Salesforce
Sterling Commerce,SCC_4618,151,183,AMON G. CARTER STADIUM,2850 STADIUM DRIVE,FORT WORTH,TX,76129,1,(817) 257-3764,SINGLE USE,OPEN,45000,TARRANT,48439,USA,32.70965,-97.3681,711310,PROMOTERS OF PERFORMING ARTS SPORTS AND SIMILAR EVENTS WITH FACILITIES,http://www.gofrogs.com/facilities/tcu-facilities-football.html,,,,2012-12-01,1,3,67,Salesforce
Sterling Commerce,SCC_4511,155,187,LANE STADIUM,185 BEAMER WAY,BLACKSBURG,VA,24060,,(540) 231-6731,SINGLE USE,OPEN,65632,MONTGOMERY,20125,USA,37.21995714,-80.41805998,711310,PROMOTERS OF PERFORMING ARTS SPORTS AND SIMILAR EVENTS WITH FACILITIES,https://hokiesports.com/sports/2018/4/20/lane-stadium-worsham-field.aspx?id=104,LANE STADIUM/WORSHAM FIELD,,,2019-11-01,1,3,67,Salesforce
Sterling Commerce,SCC_2905,159,191,CAMP RANDALL STADIUM,1440 MONROE STREET,MADISON,WI,53711,2051,(608) 262-1866,SINGLE USE,OPEN,80321,DANE,55025,USA,43.06993,-89.41267,711310,PROMOTERS OF PERFORMING ARTS SPORTS AND SIMILAR EVENTS WITH FACILITIES,https://uwbadgers.com/sports/2015/08/21/GEN_2014010132.aspx,,,,2016-07-01,1,3,67,Salesforce
Sterling Commerce,SCC_1631,163,195,APOGEE STADIUM,1500 SOUTH BONNIE BRAE STREET,DENTON,TX,76207,,(940) 565-2527,SINGLE USE,OPEN,30850,DENTON,48121,USA,33.20393,-97.15922,711310,PROMOTERS OF PERFORMING ARTS SPORTS AND SIMILAR EVENTS WITH FACILITIES,https://meangreensports.com/facilities/?id=4,,,,2013-12-01,1,5,40,Salesforce
Sterling Commerce,SCC_2371,164,196,SPECTRUM STADIUM,4465 KNIGHTS VICTORY WAY,ORLANDO,FL,32816,,(407) 823-1000,SINGLE USE,OPEN,44206,ORANGE,48361,USA,28.60825,-81.19259,711310,PROMOTERS OF PERFORMING ARTS SPORTS AND SIMILAR EVENTS WITH FACILITIES,http://www.nmnathletics.com/ViewArticle.dbml?DB_OEM_ID=34100&ATCLID=211735275,THE BOUNCE HOUSE,,BRIGHT HOUSE NETWORKS STADIUM,2013-11-01,1,3,67,Salesforce
Sterling Commerce,SCC_4730,167,199,TCF BANK STADIUM,SE UNIVERSITY AVENUE AND SE OAK STREET,MINNEAPOLIS,MN,55455,,(612) 625-5000,SINGLE USE,OPEN,50805,HENNEPIN,27053,USA,44.97656,-93.22454,711310,PROMOTERS OF PERFORMING ARTS SPORTS AND SIMILAR EVENTS WITH FACILITIES,https://gophersports.com/sports/2018/5/21/facilities-tcf-bank-stadium-html.aspx,,,,2019-08-01,1,3,67,Salesforce
Sterling Commerce,SCC_4078,168,201,INFOCISION STADIUM - SUMMA FIELD,SOUTH UNION STREET AND VINE STREET,AKRON,OH,44304,,(330) 972-6920,SINGLE USE,OPEN,30000,SUMMIT,49043,USA,41.0726,-81.50839,711310,PROMOTERS OF PERFORMING ARTS SPORTS AND SIMILAR EVENTS WITH FACILITIES,https://gozips.com/sports/2017/5/25/athletics-facilities-InfoCision.aspx,,,,2015-02-01,1,5,40,Salesforce
Sterling Commerce,SCC_4434,169,202,CHILDREN'S MERCY PARK,1 SPORTING WAY,KANSAS CITY,KS,66111,,(913) 912-7600,SINGLE USE,OPEN,18467,WYANDOTTE,20209,USA,39.12161223,-94.82329885,711310,PROMOTERS OF PERFORMING ARTS SPORTS AND SIMILAR EVENTS WITH FACILITIES,https://www.sportingkc.com/childrens-mercy-park,LIVESTRONG SPORTING PARK,,SPORTING PARK,2014-03-01,1,4,50,Salesforce
Sterling Commerce,SCC_2691,175,209,TOYOTA STADIUM,9200 WORLD CUP WAY,FRISCO,TX,75034,,(214) 705-6700,SINGLE USE,OPEN,20500,COLLIN,48085,USA,33.15433222,-96.83522179,711310,PROMOTERS OF PERFORMING ARTS SPORTS AND SIMILAR EVENTS WITH FACILITIES,http://www.fcdallas.com/stadium,,,PIZZA HUT PARK,2010-01-01,1,3,67,Salesforce
Sterling Commerce,SCC_3737,177,211,RIO TINTO STADIUM,9256 SOUTH STATE,SANDY,UT,84070,,(801) 727-2700,SINGLE USE,OPEN,20000,SALT LAKE,49035,USA,40.58291217,-111.8933271,711310,PROMOTERS OF PERFORMING ARTS SPORTS AND SIMILAR EVENTS WITH FACILITIES,http://riotintostadium.com/stadium-images/,,,,2015-04-01,1,4,50,Salesforce
Sterling Commerce,SCC_2182,179,214,BMO FIELD,170 PRINCESS BOULEVARD,TORONTO,ON,M6K 3C3,,(416) 263-5700,SINGLE USE,OPEN,30000,TORONTO,3520005,CAN,43.63318251,-79.41859315,711310,PROMOTERS OF PERFORMING ARTS SPORTS AND SIMILAR EVENTS WITH FACILITIES,http://bmofield.com/,,,,2015-01-01,1,4,50,Salesforce
Sterling Commerce,SCC_4664,181,217,PROVIDENCE PARK,1844 SW MORRISON,PORTLAND,OR,97205,,(503) 553-5400,SINGLE USE,OPEN,20323,MULTNOMAH,41051,USA,45.52156048,-122.691804,711310,PROMOTERS OF PERFORMING ARTS SPORTS AND SIMILAR EVENTS WITH FACILITIES,http://providenceparkpdx.com/about,,,JELD-WEN FIELD,2010-09-01,1,4,50,Salesforce
Sterling Commerce,SCC_4810,182,218,BC PLACE,777 PACIFIC BLVD,VANCOUVER,BC,V6B 4Y8,,(604) 669-2300,SINGLE USE,OPEN,54500,VANCOUVER,5915022,CAN,49.27663723,-123.1120213,711310,PROMOTERS OF PERFORMING ARTS SPORTS AND SIMILAR EVENTS WITH FACILITIES,https://www.bcplace.com/the-stadium,,,,2019-07-01,1,3,67,Salesforce
Sterling Commerce,SCC_2799,185,221,CITIZENS BANK PARK,1 CITIZENS BANK WAY,PHILADELPHIA,PA,19148,5249,(215) 463-1000,SINGLE USE,OPEN,43651,PHILADELPHIA,42101,USA,39.90618001,-75.16647156,711310,PROMOTERS OF PERFORMING ARTS SPORTS AND SIMILAR EVENTS WITH FACILITIES,https://www.mlb.com/phillies/ballpark,,,,2010-06-01,1,3,67,Salesforce
Sterling Commerce,SCC_4785,190,226,GREAT AMERICAN BALL PARK,100 JOE NUXHALL WAY,CINCINNATI,OH,45202,,(513) 381-7337,SINGLE USE,OPEN,42319,HAMILTON,20075,USA,39.09721,-84.50646,711310,PROMOTERS OF PERFORMING ARTS SPORTS AND SIMILAR EVENTS WITH FACILITIES,https://www.mlb.com/reds/ballpark,,,,2014-10-01,1,3,67,Salesforce
Sterling Commerce,SCC_2796,194,230,MINUTE MAID PARK,501 CRAWFORD STREET,HOUSTON,TX,77002,,(713) 259-8000,SINGLE USE,OPEN,41168,HARRIS,48201,USA,29.75718,-95.35554,711310,PROMOTERS OF PERFORMING ARTS SPORTS AND SIMILAR EVENTS WITH FACILITIES,http://houston.astros.mlb.com/hou/ballpark/index.jsp,,,,2011-08-01,1,3,67,Salesforce
Sterling Commerce,SCC_4459,199,235,PNC PARK,115 FEDERAL STREET,PITTSBURGH,PA,15212,,(412) 321-2827,SINGLE USE,OPEN,38362,ALLEGHENY,42003,USA,40.44705001,-80.00616003,711310,PROMOTERS OF PERFORMING ARTS SPORTS AND SIMILAR EVENTS WITH FACILITIES,https://www.mlb.com/pirates/ballpark,,,,2012-06-01,1,5,40,Salesforce
Sterling Commerce,SCC_2043,202,238,GLOBE LIFE PARK IN ARLINGTON,1000 BALLPARK WAY,ARLINGTON,TX,76011,,(817) 273-5222,SINGLE USE,OPEN,48114,TARRANT,48439,USA,32.75123,-97.08255,711310,PROMOTERS OF PERFORMING ARTS SPORTS AND SIMILAR EVENTS WITH FACILITIES,https://www.mlb.com/rangers/ballpark,,,RANGERS BALLPARK IN ARLINGTON,2010-12-01,1,4,50,Salesforce
Sterling Commerce,SCC_3534,205,241,GUARANTEED RATE FIELD,333 WEST 35TH STREET,CHICAGO,IL,60616,,(312) 674-1000,SINGLE USE,OPEN,40615,COOK,27031,USA,41.82985,-87.63365,711310,PROMOTERS OF PERFORMING ARTS SPORTS AND SIMILAR EVENTS WITH FACILITIES,https://www.mlb.com/whitesox/ballpark,,,U.S. CELLULAR FIELD,2014-09-01,1,4,50,Salesforce
Sterling Commerce,SCC_4353,208,244,NATIONALS PARK,1500 SOUTH CAPITOL ST SE,WASHINGTON,DC,20003,,(202) 675-6287,SINGLE USE,OPEN,41418,DISTRICT OF COLUMBIA,11001,USA,38.87305,-77.0074,711310,PROMOTERS OF PERFORMING ARTS SPORTS AND SIMILAR EVENTS WITH FACILITIES,https://www.mlb.com/nationals/ballpark,,,,2011-07-01,1,4,50,Salesforce
Sterling Commerce,SCC_2908,210,247,ROGERS CENTRE,1 BLUE JAYS WAY,TORONTO,ON,M5V 1J1,,(416) 341-1000,SINGLE USE,OPEN,48292,TORONTO,3520005,CAN,43.64142072,-79.38941817,711310,PROMOTERS OF PERFORMING ARTS SPORTS AND SIMILAR EVENTS WITH FACILITIES,https://www.mlb.com/bluejays/ballpark,,,SKYDOME,2019-06-01,1,5,40,Salesforce
Sterling Commerce,SCC_2101,213,250,KAPALUA PLANTATION GOLF CLUB,2000 PLANTATION CLUB DRIVE,LAHAINA,HI,96761,,(877) 527-2582,SINGLE USE,OPEN,-999,MAUI,15009,USA,21.00703687,-156.6402331,713910,GOLF COURSES AND COUNTRY CLUBS,http://kapalua.com/golf,,,,2017-12-01,1,3,67,Salesforce
Sterling Commerce,SCC_2205,216,253,RIVIERA COUNTRY CLUB,1250 CAPRI DRIVE,PACIFIC PALISADES,CA,90272,,(310) 454-6591,SINGLE USE,OPEN,-999,LOS ANGELES,6037,USA,34.04991969,-118.5012123,713910,GOLF COURSES AND COUNTRY CLUBS,http://www.therivieracountryclub.com/Club/Scripts/Home/home.asp,,,,2014-07-01,1,4,50,Salesforce
Sterling Commerce,SCC_3470,217,254,TORREY PINES GOLF COURSE,11480 TORREY PINES PARK ROAD,SAN DIEGO,CA,92037,,(858) 452-3226,SINGLE USE,OPEN,-999,SAN DIEGO,6073,USA,32.90449346,-117.2453549,713910,GOLF COURSES AND COUNTRY CLUBS,http://www.torreypinesgolfcourse.com/,,,,2010-06-01,1,5,40,Salesforce
Sterling Commerce,SCC_3704,219,256,MONTREUX GOLF CLUB,18077 BORDEAUX DRIVE,RENO,NV,89511,,(775) 849-1090,SINGLE USE,OPEN,-999,WASHOE,32031,USA,39.36443829,-119.8281092,713910,GOLF COURSES AND COUNTRY CLUBS,http://www.montreuxgolf.com/,,,,2019-01-01,1,3,67,Salesforce
Sterling Commerce,SCC_2264,220,257,TOURNAMENT PLAYERS CLUB-SUMMERLIN,1700 VILLAGE CENTER CIRCLE,LAS VEGAS,NV,89134,,(702) 256-0111,SINGLE USE,OPEN,-999,CLARK,32003,USA,36.18840069,-115.2982454,713910,GOLF COURSES AND COUNTRY CLUBS,http://www.tpc.com/summerlin,,,,2011-06-01,1,5,40,Salesforce
Sterling Commerce,SCC_4708,226,263,CHERRY HILLS COUNTRY CLUB,4125 SOUTH UNIVERSITY BOULEVARD,ENGLEWOOD,CO,80113,,(303) 350-5200,SINGLE USE,OPEN,-999,ARAPAHOE,8005,USA,39.64305234,-104.9626019,713910,GOLF COURSES AND COUNTRY CLUBS,http://www.chcc.com/,,,REDSTONE GOLF CLUB,2015-12-01,1,3,67,Salesforce
Sterling Commerce,SCC_4821,231,268,MUIRFIELD VILLAGE GOLF CLUB,5750 MEMORIAL DRIVE,DUBLIN,OH,43017,,(614) 889-6700,SINGLE USE,OPEN,-999,FRANKLIN,39049,USA,40.14049356,-83.14113339,713910,GOLF COURSES AND COUNTRY CLUBS,http://www.mvgc.org/,,,,2017-07-01,1,4,50,Salesforce
Sterling Commerce,SCC_1760,233,270,FIRESTONE COUNTRY CLUB,452 E WARNER RD,AKRON,OH,44319,,(330) 644-8441,SINGLE USE,OPEN,-999,SUMMIT,39153,USA,41.00787152,-81.50786238,713910,GOLF COURSES AND COUNTRY CLUBS,http://www.clubcorp.com/Clubs/Firestone-Country-Club,,,,2018-03-01,1,5,40,Salesforce
Sterling Commerce,SCC_1967,236,273,SEDGEFIELD COUNTRY CLUB,3201 FORSYTH DRIVE,GREENSBORO,NC,27407,,(336) 299-5324,SINGLE USE,OPEN,-999,GUILFORD,37081,USA,36.01415778,-79.88688895,713910,GOLF COURSES AND COUNTRY CLUBS,http://www.sedgefieldcc.org/,,,,2019-08-01,1,5,40,Salesforce
Sterling Commerce,SCC_1957,239,276,EAST LAKE GOLF CLUB,2575 ALSTON DRIVE SOUTHEAST,ATLANTA,GA,30317,,(404) 373-5722,SINGLE USE,OPEN,-999,DEKALB,13089,USA,33.74348101,-84.30271345,713910,GOLF COURSES AND COUNTRY CLUBS,https://www.eastlakegolfclub.com/,,,,2012-04-01,1,5,40,Salesforce
Sterling Commerce,SCC_3910,242,279,SEA PINES HARBOUR TOWN GOLF LINKS,11 LIGHTHOUSE LANE,HILTON HEAD ISLAND,SC,29928,,(843) 363-8385,SINGLE USE,OPEN,-999,BEAUFORT,45013,USA,32.13538714,-80.81024641,713910,GOLF COURSES AND COUNTRY CLUBS,https://www.seapines.com/golf/harbour-town-golf-links.aspx,,,,2010-09-01,1,3,67,Salesforce
Sterling Commerce,SCC_1468,249,286,ROYAL MONTR√âAL GOLF CLUB,25 SOUTH RIDGE ROAD,MONTREAL,QC,H9E 1B3,,(514) 626-3977,SINGLE USE,OPEN,-999,MONTREAL,2466025,CAN,45.49289656,-73.9025622,713910,GOLF COURSES AND COUNTRY CLUBS,http://www.rmgc.org/,,,,2017-11-01,1,3,67,Salesforce
Sterling Commerce,SCC_1844,251,288,RIDGEWOOD COUNTRY CLUB,96 W MIDLAND AVE,PARAMUS,NJ,7652,,(201) 599-3900,SINGLE USE,OPEN,-999,BERGEN,34003,USA,40.94740378,-74.07798458,713910,GOLF COURSES AND COUNTRY CLUBS,http://www.rcc1890.com/,,,,2016-05-01,1,3,67,Salesforce
Sterling Commerce,SCC_3683,252,289,TOURNAMENT PLAYERS CLUB OF BOSTON,400 ARNOLD PALMER BOULEVARD,NORTON,MA,2766,,(508) 285-3200,SINGLE USE,OPEN,-999,BRISTOL,25005,USA,41.98229855,-71.22336739,713910,GOLF COURSES AND COUNTRY CLUBS,http://www.tpc.com/boston,,,,2014-11-01,1,3,67,Salesforce
Sterling Commerce,SCC_2597,256,390,LAS VEGAS MOTOR SPEEDWAY,7000 LAS VEGAS BOULEVARD NORTH,LAS VEGAS,NV,89115,,(702) 644-4444,SINGLE USE,OPEN,123000,CLARK,32003,USA,36.27248554,-115.0103024,711212,RACETRACKS,http://www.lvms.com/,,,,2012-04-01,1,4,50,Salesforce
Sterling Commerce,SCC_1452,259,296,MARTINSVILLE SPEEDWAY,340 SPEEDWAY ROAD,RIDGEWAY,VA,24148,,(276) 956-7200,SINGLE USE,OPEN,55000,HENRY,19087,USA,36.63416157,-79.85175204,711212,RACETRACKS,http://www.martinsvillespeedway.com/?homepage=true,,,,2011-07-01,1,4,50,Salesforce
Sterling Commerce,SCC_3598,260,406,TEXAS MOTOR SPEEDWAY,3545 LONE STAR CIRCLE,FORT WORTH,TX,76177,,(817) 215-8500,MULTIUSE,OPEN,128655,DENTON,48121,USA,33.03655,-97.28223,711212,RACETRACKS,http://www.texasmotorspeedway.com/,,,,2019-08-01,1,4,50,Salesforce
Sterling Commerce,SCC_4052,276,388,KENTUCKY SPEEDWAY,1 SPEEDWAY DRIVE,SPARTA,KY,41086,,(859) 578-2300,SINGLE USE,OPEN,87000,GALLATIN,30031,USA,38.7106854,-84.9155993,711212,RACETRACKS,http://www.kentuckyspeedway.com/,,,,2015-09-01,1,5,40,Salesforce
Sterling Commerce,SCC_2479,277,387,IOWA SPEEDWAY,3333 RUSTY WALLACE DRIVE,NEWTON,IA,50208,,(641) 791-8000,MULTIUSE,OPEN,30000,JASPER,19099,USA,41.67473208,-93.0132936,711212,RACETRACKS,http://www.iowaspeedway.com/,,,,2012-10-01,1,4,50,Salesforce
Sterling Commerce,SCC_4250,280,333,BELL MTS PLACE,300 PORTAGE AVENUE,WINNIPEG,MB,R3C 5S4,,(204) 987-7825,SINGLE USE,OPEN,15004,WINNIPEG,4611040,CAN,49.89257584,-97.14367041,711310,PROMOTERS OF PERFORMING ARTS SPORTS AND SIMILAR EVENTS WITH FACILITIES,http://www.bellmtsplace.ca/,MTS CENTRE,,,2016-05-01,1,5,40,Salesforce
Sterling Commerce,SCC_1375,299,801,VIVINT SMART HOME ARENA,301 WEST SOUTH TEMPLE,SALT LAKE CITY,UT,84101,,(916) 928-6900,SINGLE USE,OPEN,19911,SALT LAKE,49035,USA,40.76820553,-111.9010251,711310,PROMOTERS OF PERFORMING ARTS SPORTS AND SIMILAR EVENTS WITH FACILITIES,http://www.vivintarena.com/,DELTA CENTER,,ENERGYSOLUTIONS ARENA,2010-02-01,1,3,67,Salesforce
Sterling Commerce,SCC_3243,302,805,SMOOTHIE KING CENTER,1501 DAVE DIXON DRIVE,NEW ORLEANS,LA,70113,,(504) 587-3663,SINGLE USE,OPEN,17003,ORLEANS,22071,USA,29.94903634,-90.08210972,711310,PROMOTERS OF PERFORMING ARTS SPORTS AND SIMILAR EVENTS WITH FACILITIES,http://www.smoothiekingcenter.com/,,,NEW ORLEANS ARENA,2017-03-01,1,3,67,Salesforce
Sterling Commerce,SCC_3104,303,806,MODA CENTER,1 CENTER COURT,PORTLAND,OR,97227,,(503) 797-9619,SINGLE USE,OPEN,19441,MULTNOMAH,41051,USA,45.53165007,-122.6669201,711310,PROMOTERS OF PERFORMING ARTS SPORTS AND SIMILAR EVENTS WITH FACILITIES,https://rosequarter.com/venue/moda-center/,,,ROSE GARDEN ARENA,2016-05-01,1,4,50,Salesforce
Sterling Commerce,SCC_2773,305,405,TD GARDEN,100 LEGENDS WAY,BOSTON,MA,2114,,(617) 624-1050,MULTIUSE,OPEN,18624,SUFFOLK,25025,USA,42.36631934,-71.0622277,711310,PROMOTERS OF PERFORMING ARTS SPORTS AND SIMILAR EVENTS WITH FACILITIES,http://www.tdgarden.com/,THE GARDEN,FLEET CENTER,,2012-07-01,1,5,40,Salesforce
Sterling Commerce,SCC_2025,311,366,STAPLES CENTER,1111 SOUTH FIGUEROA STREET,LOS ANGELES,CA,90015,,(213) 742-7100,MULTIUSE,OPEN,19079,LOS ANGELES,6037,USA,34.0430525,-118.267217,711310,PROMOTERS OF PERFORMING ARTS SPORTS AND SIMILAR EVENTS WITH FACILITIES,http://www.staplescenter.com/,,,,2010-10-01,1,4,50,Salesforce
Sterling Commerce,SCC_2970,321,827,AMWAY CENTER,400 WEST CHURCH STREET,ORLANDO,FL,32801,,(407) 440-7900,SINGLE USE,OPEN,18846,ORANGE,48361,USA,28.53922,-81.38389,711310,PROMOTERS OF PERFORMING ARTS SPORTS AND SIMILAR EVENTS WITH FACILITIES,http://www.amwaycenter.com/,,,,2010-02-01,1,3,67,Salesforce
Sterling Commerce,SCC_2022,322,828,HANK MCCAMISH PAVILION,965 FOWLER STREET,ATLANTA,GA,30332,,(404) 894-5400,SINGLE USE,OPEN,8600,FULTON,17057,USA,33.7806976,-84.39274685,711310,PROMOTERS OF PERFORMING ARTS SPORTS AND SIMILAR EVENTS WITH FACILITIES,http://ramblinwreck.com/sports/w-baskbl/facilities/mccamish-pavilion/,,,ALEXANDER MEMORIAL COLISEUM,2017-08-01,1,5,40,Salesforce
Sterling Commerce,SCC_4985,324,830,CASSELL COLISEUM,675 WASHINGTON ST SW,BLACKSBURG,VA,24060,,,SINGLE USE,OPEN,10052,MONTGOMERY,20125,USA,37.22262,-80.41919307,711310,PROMOTERS OF PERFORMING ARTS SPORTS AND SIMILAR EVENTS WITH FACILITIES,https://hokiesports.com/sports/2018/4/20/cassell-coliseum.aspx?id=97,,,,2013-04-01,1,5,40,Salesforce
Sterling Commerce,SCC_4132,327,833,WATSCO CENTER,1245 WILLIAM E. WALSH AVENUE,CORAL GABLES,FL,33146,,(305) 284-8686,SINGLE USE,OPEN,8000,MIAMI-DADE,12086,USA,25.71531981,-80.27935369,711310,PROMOTERS OF PERFORMING ARTS SPORTS AND SIMILAR EVENTS WITH FACILITIES,http://watscocenter.com/,,,BANKUNITED CENTER,2017-12-01,1,3,67,Salesforce
Sterling Commerce,SCC_1118,332,401,PNC ARENA,1400 EDWARDS MILL ROAD,RALEIGH,NC,27607,,(919) 861-2300,MULTIUSE,OPEN,19722,WAKE,37183,USA,35.80339229,-78.72183174,711310,PROMOTERS OF PERFORMING ARTS SPORTS AND SIMILAR EVENTS WITH FACILITIES,http://www.thepncarena.com/,RALEIGH ENT. SPORTS,,RBC CENTER,2013-09-01,1,4,50,Salesforce
Sterling Commerce,SCC_3685,333,839,DONALD L. TUCKER CENTER,505 WEST PENSACOLA STREET,TALLAHASSEE,FL,32301,,(850) 644-7469,SINGLE USE,OPEN,12200,LEON,48289,USA,30.43781002,-84.28662726,711310,PROMOTERS OF PERFORMING ARTS SPORTS AND SIMILAR EVENTS WITH FACILITIES,http://www.tuckerciviccenter.com/,TALLAHASSEE-LEON COUNTY CIVIC CENTER,,,2019-05-01,1,4,50,Salesforce
Sterling Commerce,SCC_1774,334,840,CASE GYMNASIUM,925 COMMONWEALTH AVENUE,BOSTON,MA,2215,,(617) 933-5000,SINGLE USE,OPEN,1800,SUFFOLK,25025,USA,42.3539807,-71.12036415,711310,PROMOTERS OF PERFORMING ARTS SPORTS AND SIMILAR EVENTS WITH FACILITIES,https://goterriers.com/facilities/?id=17,CASE ATHLETIC CENTER,,,2019-11-01,1,3,67,Salesforce
Sterling Commerce,SCC_3940,335,841,BINGHAMTON UNIVERSITY EVENTS CENTER,4400 VESTAL PARKWAY EAST,BINGHAMTON,NY,13902,,(607) 777-2832,SINGLE USE,OPEN,5142,BROOME,36007,USA,42.09354767,-75.97174883,711310,PROMOTERS OF PERFORMING ARTS SPORTS AND SIMILAR EVENTS WITH FACILITIES,https://www.binghamton.edu/events-center/,EVENTS CENTER,,,2015-02-01,1,5,40,Salesforce
Sterling Commerce,SCC_4559,336,842,CROSS INSURANCE CENTER,515 MAIN STREET,BANGOR,ME,4401,,(207) 561-8300,SINGLE USE,OPEN,5800,PENOBSCOT,23019,USA,44.789138,-68.779196,711310,PROMOTERS OF PERFORMING ARTS SPORTS AND SIMILAR EVENTS WITH FACILITIES,http://www.crossinsurancecenter.com/page/956/bangor-arena-information,,,,2017-02-01,1,4,50,Salesforce
Sterling Commerce,SCC_1766,337,843,ISLAND FEDERAL CREDIT UNION ARENA,JOHN S. TOLL DRIVE,STONY BROOK,NY,11790,,(631) 632-9653,SINGLE USE,OPEN,4000,SUFFOLK,25025,USA,40.91740154,-73.12528455,711310,PROMOTERS OF PERFORMING ARTS SPORTS AND SIMILAR EVENTS WITH FACILITIES,https://stonybrookathletics.com/sports/2016/8/25/facilities-ston-10-arena-html.aspx,STONY BROOK SPORTS COMPLEX,,,2014-07-01,1,4,50,Salesforce
Sterling Commerce,SCC_1313,338,844,LUNDHOLM GYMNASIUM,145 MAIN STREET,DURHAM,NH,3824,,(603) 862-1850,SINGLE USE,OPEN,2500,STRAFFORD,33017,USA,43.13870033,-70.93780784,711310,PROMOTERS OF PERFORMING ARTS SPORTS AND SIMILAR EVENTS WITH FACILITIES,https://unhwildcats.com/sports/2015/7/1/GEN_0701155002.aspx,UNH FIELD HOUSE,,,2019-11-01,1,5,40,Salesforce
Sterling Commerce,SCC_1508,339,845,PATRICK GYMNASIUM,DAVIS ROAD AND SPEAR STREET,BURLINGTON,VT,5405,,(802) 656-3074,SINGLE USE,OPEN,3228,CHITTENDEN,50007,USA,44.4702742,-73.19474331,711310,PROMOTERS OF PERFORMING ARTS SPORTS AND SIMILAR EVENTS WITH FACILITIES,https://uvmathletics.com/sports/2010/6/8/MBB_0608100941.aspx,ROY L. PATRICK GYMNASIUM,,,2017-01-01,1,3,67,Salesforce
Sterling Commerce,SCC_4317,342,848,CHASE ARENA AT REICH FAMILY PAVILION,200 BLOOMFIELD AVENUE,WEST HARTFORD,CT,6117,,,SINGLE USE,OPEN,4017,HARTFORD,9003,USA,41.80204228,-72.7170012,711310,PROMOTERS OF PERFORMING ARTS SPORTS AND SIMILAR EVENTS WITH FACILITIES,https://www.hartfordhawks.com/sports/2008/3/27/272028327.aspx?id=5,,,,2017-11-01,1,3,67,Salesforce
Sterling Commerce,SCC_2289,349,855,REILLY CENTER,CORNELIUS WELCH DRIVE,SAINT BONAVENTER,NY,14478,,(716) 375-2500,SINGLE USE,OPEN,5780,CATTARAUGUS,36009,USA,42.079446,-78.48501968,711310,PROMOTERS OF PERFORMING ARTS SPORTS AND SIMILAR EVENTS WITH FACILITIES,http://gobonnies.sbu.edu/fan_zone/reilly-center,,,,2017-08-01,1,4,50,Salesforce
Sterling Commerce,SCC_3191,350,856,ROBINS CENTER,BOATWRIGHT DRIVE AND CAMPUS DRIVE,RICHMOND,VA,23229,,(804) 289-8361,SINGLE USE,OPEN,7201,RICHMOND,51760,USA,37.58065318,-77.53885576,711310,PROMOTERS OF PERFORMING ARTS SPORTS AND SIMILAR EVENTS WITH FACILITIES,https://richmondspiders.com/news/2011/7/20/205184153.aspx,,,,2012-08-01,1,3,67,Salesforce
Sterling Commerce,SCC_3582,354,860,TOM GOLA ARENA,WEST OLNEY AVENUE AND ELKINS AVENUE,PHILADELPHIA,PA,19141,,,SINGLE USE,OPEN,4000,PHILADELPHIA,42101,USA,40.03998106,-75.15659169,711310,PROMOTERS OF PERFORMING ARTS SPORTS AND SIMILAR EVENTS WITH FACILITIES,https://goexplorers.com/sports/2011/6/14/GEN_0614112339.aspx?id=13,HAYMAN CENTER,,,2019-10-01,1,3,67,Salesforce
Sterling Commerce,SCC_3549,355,861,UNIVERSITY OF DAYTON ARENA,100 ARENA PARK DRIVE,DAYTON,OH,45408,,(937) 229-4635,SINGLE USE,OPEN,13266,MONTGOMERY,20125,USA,39.73547828,-84.19965253,711310,PROMOTERS OF PERFORMING ARTS SPORTS AND SIMILAR EVENTS WITH FACILITIES,https://daytonflyers.com/sports/2013/8/30/GEN_0830130825.aspx?path=mbball,UD ARENA,,,2011-07-01,1,4,50,Salesforce
Sterling Commerce,SCC_1424,356,862,WILLIAM D. MULLINS MEMORIAL CENTER,200 COMMONWEALTH AVENUE,AMHERST,MA,1003,,(413) 545-3040,SINGLE USE,OPEN,9493,HAMPSHIRE,54027,USA,42.38949729,-72.53342412,711310,PROMOTERS OF PERFORMING ARTS SPORTS AND SIMILAR EVENTS WITH FACILITIES,http://www.mullinscenter.com/,MULLINS CENTER,,,2013-08-01,1,5,40,Salesforce
Sterling Commerce,SCC_1999,362,868,MOUNTAIN STATES HEALTH ALLIANCE ATHLETICS CENTER,STATE OF FRANKLIN ROAD AND JOHN ROBERT BELL DRIVE,JOHNSON CITY,TN,37604,,(423) 439-4343,SINGLE USE,OPEN,8539,WASHINGTON,48477,USA,36.30366002,-82.37090998,711310,PROMOTERS OF PERFORMING ARTS SPORTS AND SIMILAR EVENTS WITH FACILITIES,http://www.etsubucs.com/facilities/default/,MINI-DOME,,,2012-12-01,1,4,50,Salesforce
Sterling Commerce,SCC_1203,363,869,PAUL PORTER ARENA,110 S MAIN ST,BOILING SPRINGS,NC,28017,,(704) 406-4000,SINGLE USE,OPEN,3500,CLEVELAND,40027,USA,35.2465653,-81.66954181,711310,PROMOTERS OF PERFORMING ARTS SPORTS AND SIMILAR EVENTS WITH FACILITIES,https://gardner-webb.edu/offices-and-departments/departments/event-services/meeting-rooms/paul-porter-arena/index,LUTZ YELTON CONVOCATION CENTER,,,2014-05-01,1,3,67,Salesforce
Sterling Commerce,SCC_1122,367,873,ALLEN FIELDHOUSE,1651 NAISMITH DRIVE,LAWRENCE,KS,66045,,(785) 864-3141,SINGLE USE,OPEN,16300,DOUGLAS,32005,USA,38.95431455,-95.25283052,711310,PROMOTERS OF PERFORMING ARTS SPORTS AND SIMILAR EVENTS WITH FACILITIES,https://kuathletics.com/sports/2013/6/27/facilities-allen-fieldhouse-mbb.aspx?id=183,,,,2012-06-01,1,3,67,Salesforce
Sterling Commerce,SCC_2825,371,877,FRANK ERWIN CENTER,1701 RED RIVER STREET,AUSTIN,TX,78701,,(512) 471-7744,SINGLE USE,OPEN,16540,TRAVIS,48453,USA,30.27692614,-97.73230001,711310,PROMOTERS OF PERFORMING ARTS SPORTS AND SIMILAR EVENTS WITH FACILITIES,https://uterwincenter.com/index.aspx,FRANK C. ERWIN JR. SPECIAL EVENTS CENTER,,,2010-07-01,1,3,67,Salesforce
Sterling Commerce,SCC_4536,373,879,GALLAGHER-IBA ARENA,KNOBLOCK STREET AND W. HALL OF FAME AVENUE,STILLWATER,OK,74075,,(877) 227-6773,SINGLE USE,OPEN,13611,PAYNE,40119,USA,36.12573957,-97.06512544,711310,PROMOTERS OF PERFORMING ARTS SPORTS AND SIMILAR EVENTS WITH FACILITIES,https://okstate.com/sports/2015/3/17/GEN_2014010157.aspx,,,,2013-08-01,1,5,40,Salesforce
Sterling Commerce,SCC_2570,374,880,HILTON COLISEUM,1805 CENTER DRIVE,AMES,IA,50011,,(515) 294-3347,SINGLE USE,OPEN,14356,STORY,19169,USA,42.02108297,-93.63467188,711310,PROMOTERS OF PERFORMING ARTS SPORTS AND SIMILAR EVENTS WITH FACILITIES,http://www.center.iastate.edu/,HILTON,,,2014-12-01,1,4,50,Salesforce
Sterling Commerce,SCC_4712,377,883,REED ARENA,730 OLSEN BOULEVARD,COLLEGE STATION,TX,77843,,(979) 862-7334,SINGLE USE,OPEN,12989,BRAZOS,48041,USA,30.60583211,-96.34639066,711310,PROMOTERS OF PERFORMING ARTS SPORTS AND SIMILAR EVENTS WITH FACILITIES,https://reed.tamu.edu/,COX-MCFERRIN CENTER,,,2012-06-01,1,4,50,Salesforce
Sterling Commerce,SCC_2216,379,885,HYNES ATHLETIC CENTER,PRESIDENT STREET AND DURAND STREET,NEW ROCHELLE,NY,10801,,(914) 633-2654,SINGLE USE,OPEN,2611,WESTCHESTER,36119,USA,40.92666628,-73.78432443,711310,PROMOTERS OF PERFORMING ARTS SPORTS AND SIMILAR EVENTS WITH FACILITIES,https://icgaels.com/sports/2007/2/13/hynes-overview.aspx,,,,2016-11-01,1,4,50,Salesforce
Sterling Commerce,SCC_4652,387,893,MARRIOTT CENTER,500 EAST UNIVERSITY PARKWAY,PROVO,UT,84602,,(801) 422-2981,SINGLE USE,OPEN,20900,UTAH,49049,USA,40.25408199,-111.6492749,711310,PROMOTERS OF PERFORMING ARTS SPORTS AND SIMILAR EVENTS WITH FACILITIES,https://byucougars.com/facilities/basketball,,,,2019-11-01,1,4,50,Salesforce
Sterling Commerce,SCC_3550,394,900,TUDOR FIELDHOUSE,6100 MAIN STREET,HOUSTON,TX,77251,,(713) 935-2663,SINGLE USE,OPEN,5208,HARRIS,48201,USA,29.71514243,-95.40392481,711310,PROMOTERS OF PERFORMING ARTS SPORTS AND SIMILAR EVENTS WITH FACILITIES,https://riceowls.com/facilities/?id=4,AUTRY COURT,,,2015-08-01,1,4,50,Salesforce
Sterling Commerce,SCC_2267,395,901,CFE ARENA,NORTH GEMINI BLVD,ORLANDO,FL,32765,,(407) 823-3070,SINGLE USE,OPEN,9465,ORANGE,48361,USA,28.60741826,-81.19731377,711310,PROMOTERS OF PERFORMING ARTS SPORTS AND SIMILAR EVENTS WITH FACILITIES,http://www.cfearena.com/,KNIGHTS PLAZA,,UCF ARENA,2011-04-01,1,4,50,Salesforce
Sterling Commerce,SCC_3019,396,902,ALLEN COUNTY WAR MEMORIAL COLISEUM,4000 PARNELL AVENUE,FORT WAYNE,IN,46805,,(260) 482-9502,SINGLE USE,OPEN,13000,ALLEN,20001,USA,41.1156434,-85.12431491,711310,PROMOTERS OF PERFORMING ARTS SPORTS AND SIMILAR EVENTS WITH FACILITIES,http://www.memorialcoliseum.com/,MEMORIAL COLISEUM,,,2016-06-01,1,3,67,Salesforce
Sterling Commerce,SCC_1592,400,906,ALASKA AIRLINES ARENA,3870 MONTLAKE BOULEVARD NE,SEATTLE,WA,98105,,(206) 543-2210,MULTIUSE,OPEN,10000,KINGS,6031,USA,47.65210058,-122.3020923,711310,PROMOTERS OF PERFORMING ARTS SPORTS AND SIMILAR EVENTS WITH FACILITIES,https://gohuskies.com/sports/2013/7/2/208565960.aspx,HEC EDMUNDSON PAVILION,,,2015-04-01,1,3,67,Salesforce
Sterling Commerce,SCC_1325,401,907,MCKALE MEMORIAL CENTER,1721 E ENKE DRIVE,TUCSON,AZ,85721,,(520) 621-2287,SINGLE USE,OPEN,14655,PIMA,4019,USA,32.23034605,-110.9460286,711310,PROMOTERS OF PERFORMING ARTS SPORTS AND SIMILAR EVENTS WITH FACILITIES,https://arizonawildcats.com/sports/2013/4/18/208232685.aspx,UNIVERSITY OF ARIZONA ARENA,,,2010-01-01,1,3,67,Salesforce
Sterling Commerce,SCC_4054,405,911,BENDER ARENA,4400 NEBRASKA AVENUE NW,WASHINGTON,DC,20016,,(202) 885-1000,SINGLE USE,OPEN,4500,DISTRICT OF COLUMBIA,11001,USA,38.93776999,-77.09003998,711310,PROMOTERS OF PERFORMING ARTS SPORTS AND SIMILAR EVENTS WITH FACILITIES,http://www.aueagles.com/information/facilities/bender_arena,,,,2016-04-01,1,3,67,Salesforce
Sterling Commerce,SCC_4255,409,915,HOLMES CENTER,111 RIVERS STREET,BOONE,NC,28608,,(828) 262-7890,SINGLE USE,OPEN,8325,WATAUGA,37189,USA,36.21066209,-81.67593558,711310,PROMOTERS OF PERFORMING ARTS SPORTS AND SIMILAR EVENTS WITH FACILITIES,https://theholmescenter.appstate.edu/,GEORGE M. HOLMES CONVOCATION CENTER,,,2013-07-01,1,3,67,Salesforce
Sterling Commerce,SCC_1704,411,917,CONVOCATION CENTER (ARKANSAS),217 OLYMPIA DRIVE,JONESBORO,AR,72401,,(870) 972-3870,SINGLE USE,OPEN,10038,CRAIGHEAD,5031,USA,35.84538794,-90.6704838,711310,PROMOTERS OF PERFORMING ARTS SPORTS AND SIMILAR EVENTS WITH FACILITIES,http://astateconvo.com/,THE CONVO,,,2011-01-01,1,3,67,Salesforce
Sterling Commerce,SCC_3857,417,923,GERSTEN PAVILION,1 LMU DRIVE,LOS ANGELES,CA,90045,,(310) 338-5466,SINGLE USE,OPEN,4156,LOS ANGELES,6037,USA,33.96764119,-118.4154913,711310,PROMOTERS OF PERFORMING ARTS SPORTS AND SIMILAR EVENTS WITH FACILITIES,https://lmulions.com/sports/2018/5/29/school-bio-gersten-html.aspx,ALBERT GERSTEN PAVILION,,,2016-07-01,1,5,40,Salesforce
Sterling Commerce,SCC_2770,424,930,CONVOCATION CENTER (OHIO),95 RICHLAND AVENUE,ATHENS,OH,45701,,(800) 575-2287,SINGLE USE,OPEN,13080,ATHENS,39009,USA,39.32329002,-82.10595999,711310,PROMOTERS OF PERFORMING ARTS SPORTS AND SIMILAR EVENTS WITH FACILITIES,http://www.ohiobobcats.com/facilities/convocation-center/index,,,,2014-02-01,1,4,50,Salesforce
Sterling Commerce,SCC_4978,425,931,SAVAGE  ARENA,2801 W BANCROFT ST,TOLEDO,OH,43606,,(419) 530-4653,SINGLE USE,OPEN,8300,LUCAS,19117,USA,41.66014984,-83.60979943,711310,PROMOTERS OF PERFORMING ARTS SPORTS AND SIMILAR EVENTS WITH FACILITIES,https://utrockets.com/news/2007/12/13/Savage_Arena.aspx,JOHN F. SAVAGE ARENA,,,2018-12-01,1,3,67,Salesforce
Sterling Commerce,SCC_3524,426,932,BURR GYMNASIUM,2400 6TH ST NW,WASHINGTON,DC,20001,,,SINGLE USE,OPEN,2700,DISTRICT OF COLUMBIA,11001,USA,38.92648002,-77.02221998,711310,PROMOTERS OF PERFORMING ARTS SPORTS AND SIMILAR EVENTS WITH FACILITIES,https://hubison.com/sports/2013/7/1/GEN_0701134701.aspx?tab=burrgymnasium,,,,2012-08-01,1,4,50,Salesforce
Sterling Commerce,SCC_3961,433,939,INDIANA FARMERS COLISEUM,1202 E 38TH ST,INDIANAPOLIS,IN,46205,,(317) 927-7623,SINGLE USE,OPEN,6800,MARION,41047,USA,39.82763363,-86.13504889,711310,PROMOTERS OF PERFORMING ARTS SPORTS AND SIMILAR EVENTS WITH FACILITIES,https://iupuijags.com/sports/2013/5/28/MBB_0528131958.aspx?path=mbball,,,,2010-10-01,1,3,67,Salesforce
Sterling Commerce,SCC_1972,436,942,JQH ARENA,685 SOUTH JOHN Q. HAMMONS PARKWAY,SPRINGFIELD,MO,65807,,(417) 836-7678,SINGLE USE,OPEN,11000,GREENE,19073,USA,37.20208232,-93.28313461,711310,PROMOTERS OF PERFORMING ARTS SPORTS AND SIMILAR EVENTS WITH FACILITIES,https://jqharena.missouristate.edu/,JOHN Q. HAMMONS STUDENT CENTER,,,2015-01-01,1,4,50,Salesforce
Sterling Commerce,SCC_3189,437,943,KNAPP ARENA,2601 FOREST AVENUE,DES MOINES,IA,50311,,(515) 271-3791,SINGLE USE,OPEN,7152,POLK,41053,USA,41.6048,-93.65223999,711310,PROMOTERS OF PERFORMING ARTS SPORTS AND SIMILAR EVENTS WITH FACILITIES,https://godrakebulldogs.com/facilities/?id=4,KNAPP CENTER,,,2010-04-01,1,5,40,Salesforce
Sterling Commerce,SCC_4599,442,948,DEGOL ARENA,140 LAKEVIEW DRIVE,LORETTO,PA,15940,,,SINGLE USE,OPEN,3500,CAMBRIA,42021,USA,40.50450427,-78.64102383,711310,PROMOTERS OF PERFORMING ARTS SPORTS AND SIMILAR EVENTS WITH FACILITIES,https://sfuathletics.com/facilities/?id=3,MAURICE STOKES ATHLETICS CENTER,,,2013-07-01,1,4,50,Salesforce
Sterling Commerce,SCC_4938,446,952,FIRESTONE FIELDHOUSE,24225 PACIFIC COAST HWY,MALIBU,CA,90263,,,SINGLE USE,OPEN,3104,LOS ANGELES,6037,USA,34.03856001,-118.7096299,711310,PROMOTERS OF PERFORMING ARTS SPORTS AND SIMILAR EVENTS WITH FACILITIES,https://spark.adobe.com/page/AnSKc/,,,,2018-06-01,1,3,67,Salesforce
Sterling Commerce,SCC_3353,450,957,DUNKIN' DONUTS CENTER,1 LA SALLE SQUARE,PROVIDENCE,RI,2903,,(401) 331-0700,SINGLE USE,OPEN,13106,PROVIDENCE,44007,USA,41.82366286,-71.41822188,711310,PROMOTERS OF PERFORMING ARTS SPORTS AND SIMILAR EVENTS WITH FACILITIES,http://www.dunkindonutscenter.com/,,,PROVIDENCE CIVIC CENTER,2012-01-01,1,3,67,Salesforce
Sterling Commerce,SCC_1798,451,958,JOYCE CENTER,ANGELA BOULEVARD AND MOOSE KRAUSE CIRCLE,NOTRE DAME,IN,46637,,(574) 631-7356,SINGLE USE,OPEN,11418,SAINT JOSEPH,18141,USA,41.69792311,-86.23128189,711310,PROMOTERS OF PERFORMING ARTS SPORTS AND SIMILAR EVENTS WITH FACILITIES,https://und.com/sports/2018/8/7/facilities-joyce-center-fieldhouse-html.aspx,PURCELL PAVILION AT EDMUND P JOYCE CENTER,,,2014-07-01,1,4,50,Salesforce
Sterling Commerce,SCC_2631,455,962,XL CENTER,1 CIVIC CENTER PLAZA,HARTFORD,CT,6103,,(860) 249-6333,SINGLE USE,OPEN,16294,HARTFORD,9003,USA,41.76846002,-72.67704002,711310,PROMOTERS OF PERFORMING ARTS SPORTS AND SIMILAR EVENTS WITH FACILITIES,http://www.xlcenter.com/,,,HARTFORD CIVIC CENTER,2012-03-01,1,4,50,Salesforce
Sterling Commerce,SCC_1141,458,965,DAHLBERG ARENA,32 CAMPUS DRIVE,MISSOULA,MT,59801,,(406) 243-5355,SINGLE USE,OPEN,7321,MISSOULA,30063,USA,46.86386063,-113.9832574,711310,PROMOTERS OF PERFORMING ARTS SPORTS AND SIMILAR EVENTS WITH FACILITIES,https://gogriz.com/facilities/?id=2,HARRY ADAMS FIELD HOUSE,,,2018-06-01,1,5,40,Salesforce
Sterling Commerce,SCC_3717,464,971,KIMBEL ARENA,132 CHANTICLEER DR E,CONWAY,SC,29528,,,OTHER,OPEN,1039,HORRY,45051,USA,33.79383126,-79.01329263,711310,PROMOTERS OF PERFORMING ARTS SPORTS AND SIMILAR EVENTS WITH FACILITIES,https://goccusports.com/sports/2018/6/4/_facilities_kimbel_arena_html.aspx,,,,2019-07-01,1,5,40,Salesforce
Sterling Commerce,SCC_4351,470,977,KOHL CENTER,601 WEST DAYTON STREET,MADISON,WI,53715,,(608) 263-5645,SINGLE USE,OPEN,17287,DANE,55025,USA,43.06939354,-89.39677319,711310,PROMOTERS OF PERFORMING ARTS SPORTS AND SIMILAR EVENTS WITH FACILITIES,https://uwbadgers.com/sports/2015/08/21/GEN_2014010135.aspx,,,,2017-05-01,1,5,40,Salesforce
Sterling Commerce,SCC_2531,471,978,BREN EVENTS CENTER,100 BREN EVENT CENTER DRIVE,IRVINE,CA,92612,,(949) 824-5050,SINGLE USE,OPEN,4984,ORANGE,48361,USA,33.64934174,-117.8470775,711310,PROMOTERS OF PERFORMING ARTS SPORTS AND SIMILAR EVENTS WITH FACILITIES,https://ucirvinesports.com/index.aspx?path=bren_center,,,,2013-12-01,1,3,67,Salesforce
Sterling Commerce,SCC_3069,477,984,KAPLAN ARENA,751 UKROP WAY,WILLIAMSBURG,VA,23185,,(757) 221-4000,SINGLE USE,OPEN,8600,WILLIAMSBURG,51830,USA,37.27350816,-76.71963809,711310,PROMOTERS OF PERFORMING ARTS SPORTS AND SIMILAR EVENTS WITH FACILITIES,https://tribeathletics.com/facilities/?id=3,WILLIAM AND MARY HALL,,,2016-10-01,1,5,40,Salesforce
Sterling Commerce,SCC_2047,478,985,REED GREEN COLISEUM,112 COLISEUM DRIVE,HATTIESBURG,MS,39401,,(601) 266-5017,SINGLE USE,OPEN,8095,FORREST,28035,USA,31.33104048,-89.33791579,711310,PROMOTERS OF PERFORMING ARTS SPORTS AND SIMILAR EVENTS WITH FACILITIES,https://southernmiss.com/sports/2018/6/21/_facilities_reed_green_coliseum_html.aspx?id=1217,BERNARD REED GREEN COLISEUM,,,2018-03-01,1,4,50,Salesforce
Sterling Commerce,SCC_2186,483,990,BARTOW ARENA,617 13TH STREET SOUTH,BIRMINGHAM,AL,35233,,(205) 975-8221,SINGLE USE,OPEN,8500,JEFFERSON,22051,USA,33.50218882,-86.80932506,711310,PROMOTERS OF PERFORMING ARTS SPORTS AND SIMILAR EVENTS WITH FACILITIES,https://uabsports.com/sports/2017/6/10/facilities-bartow-arena-html.aspx,GENE BARTOW ARENA,,,2016-09-01,1,4,50,Salesforce
Sterling Commerce,SCC_4604,488,995,HINKLE FIELDHOUSE,510 WEST 49TH STREET,INDIANAPOLIS,IN,46208,,(317) 940-9375,SINGLE USE,OPEN,9100,MARION,41047,USA,39.84364179,-86.16721495,711310,PROMOTERS OF PERFORMING ARTS SPORTS AND SIMILAR EVENTS WITH FACILITIES,https://butlersports.com/facilities/?id=1,,,,2013-08-01,1,5,40,Salesforce
Sterling Commerce,SCC_2790,493,1000,JONES CONVOCATION CENTER,9501 SOUTH KING DR,CHICAGO,IL,60628,,,SINGLE USE,OPEN,7000,COOK,27031,USA,41.716543,-87.60842053,711310,PROMOTERS OF PERFORMING ARTS SPORTS AND SIMILAR EVENTS WITH FACILITIES,https://www.gocsucougars.com/sports/2013/6/18/GEN_0618130504.aspx?id=74,EMIL & PATRICIA JONES CONVOCATION CENTER,,,2010-06-01,1,3,67,Salesforce
Sterling Commerce,SCC_2879,494,1001,JADWIN GYMNASIUM,FITZRANDOLPH RD AND FACULTY RD,PRINCETON,NJ,8544,,,SINGLE USE,OPEN,6854,MERCER,38057,USA,40.34339574,-74.64857034,711310,PROMOTERS OF PERFORMING ARTS SPORTS AND SIMILAR EVENTS WITH FACILITIES,https://goprincetontigers.com/news/2006/6/18/295178.aspx,L. STOCKWELL JADWIN GYMNASIUM,,,2013-04-01,1,5,40,Salesforce
Sterling Commerce,SCC_3706,495,1002,LAVIETES PAVILION,NORTH HARVARD STREET AND SOLDIER FIELDS ROAD,CAMBRIDGE,MA,2134,,,SINGLE USE,OPEN,1636,SUFFOLK,25025,USA,42.36815569,-71.12529415,711310,PROMOTERS OF PERFORMING ARTS SPORTS AND SIMILAR EVENTS WITH FACILITIES,https://www.gocrimson.com/sports/mbkb/facilities/lavieties,BRIGGS CENTER,,BRIGGS ATHLETIC CENTER,2019-02-01,1,3,67,Salesforce
Sterling Commerce,SCC_2916,496,1003,LEEDE ARENA,SOUTH PARK STREET AND EAST WHEELOCK STREET,HANOVER,NH,3755,,(603) 646-1110,SINGLE USE,OPEN,2100,GRAFTON,33009,USA,43.7029786,-72.28283188,711310,PROMOTERS OF PERFORMING ARTS SPORTS AND SIMILAR EVENTS WITH FACILITIES,https://dartmouthsports.com/news/2006/8/31/588764.aspx,JOHN W. BERRY SPORTS CENTER,,,2016-06-01,1,4,50,Salesforce
Sterling Commerce,SCC_2349,498,1005,REITZ ARENA,4501 N CHARLES STREET,BALTIMORE,MD,21212,,(410) 617-1420,SINGLE USE,OPEN,2100,BALTIMORE (CITY),24510,USA,39.34690538,-76.61857485,711310,PROMOTERS OF PERFORMING ARTS SPORTS AND SIMILAR EVENTS WITH FACILITIES,https://loyolagreyhounds.com/facilities/?id=1,EMIL G. LEFTY REITZ ARENA,,,2017-11-01,1,5,40,Salesforce
Sterling Commerce,SCC_2727,500,1007,ELLIS JOHNSON ARENA,ELLIS T. JOHNSON ARENA,MOREHEAD,KY,40351,,(606) 783-2088,SINGLE USE,OPEN,6500,ROWAN,37159,USA,38.19035468,-83.42567739,711310,PROMOTERS OF PERFORMING ARTS SPORTS AND SIMILAR EVENTS WITH FACILITIES,https://msueagles.com/sports/2012/7/18/GEN_0718120214.aspx?id=73,ELLIS T. JOHNSON ARENA,,,2011-09-01,1,3,67,Salesforce
Sterling Commerce,SCC_3808,501,1008,PETE HANNA CENTER,800 LAKESHORE DRIVE,BIRMINGHAM,AL,35229,,(205) 726-4351,SINGLE USE,OPEN,5000,JEFFERSON,22051,USA,33.46381746,-86.79720454,711310,PROMOTERS OF PERFORMING ARTS SPORTS AND SIMILAR EVENTS WITH FACILITIES,https://samfordsports.com/sports/2012/6/28/GEN_0628121228.aspx?id=19,THOMAS E. AND MARLA H. CORTS ARENA,,,2011-08-01,1,5,40,Salesforce
Sterling Commerce,SCC_1524,502,1009,GENTRY CENTER,3500 JOHN A. MERRITT BOULEVARD,NASHVILLE,TN,37209,,(615) 963-5000,SINGLE USE,OPEN,10500,DAVIDSON,47037,USA,36.16905164,-86.82951954,711310,PROMOTERS OF PERFORMING ARTS SPORTS AND SIMILAR EVENTS WITH FACILITIES,http://www.tnstate.edu/events/gentry.aspx,GENTRY COMPLEX,,,2017-07-01,1,5,40,Salesforce
Sterling Commerce,SCC_2519,508,1015,GILL COLISEUM,660 SOUTHWEST 26TH STREET,CORVALLIS,OR,97331,,(541) 737-4455,SINGLE USE,OPEN,9604,BENTON,53005,USA,44.56126204,-123.280635,711310,PROMOTERS OF PERFORMING ARTS SPORTS AND SIMILAR EVENTS WITH FACILITIES,https://osubeavers.com/sports/2012/7/16/208342866.aspx,,,,2010-11-01,1,4,50,Salesforce
Sterling Commerce,SCC_3435,515,1022,BENJAMIN JOHNSON ARENA,230 EVINS STREET,SPARTANBURG,SC,29303,,(864) 597-4090,SINGLE USE,OPEN,3500,SPARTANBURG,45083,USA,34.96025534,-81.93276259,711310,PROMOTERS OF PERFORMING ARTS SPORTS AND SIMILAR EVENTS WITH FACILITIES,https://woffordterriers.com/sports/2007/10/26/GEN_1026070715.aspx?tab=benjaminjohnsonarena,RAINES CENTER,,,2010-03-01,1,3,67,Salesforce
Sterling Commerce,SCC_3980,521,1028,FANT-EWING COLISEUM,NORTHEAST DRIVE AND BON AIRE DRIVE,MONROE,LA,71203,,(318) 342-1000,SINGLE USE,OPEN,7000,OUACHITA,5103,USA,32.531044,-92.0694132,711310,PROMOTERS OF PERFORMING ARTS SPORTS AND SIMILAR EVENTS WITH FACILITIES,https://ulmwarhawks.com/facilities/?id=4,,,,2015-06-01,1,3,67,Salesforce
Sterling Commerce,SCC_2189,524,1031,FELTON G. CLARK ACTIVITY CENTER,7722 SCENIC HWY BATON ROUGE,BATON ROUGE,LA,70813,,(225) 771-3821,SINGLE USE,OPEN,8100,EAST BATON ROUGE,22033,USA,30.52196003,-91.18547,711310,PROMOTERS OF PERFORMING ARTS SPORTS AND SIMILAR EVENTS WITH FACILITIES,http://www.subr.edu/index.cfm/page/899,,,,2013-05-01,1,3,67,Salesforce
Sterling Commerce,SCC_4774,529,1037,LAWLOR EVENTS CENTER,1664 NORTH VIRGINIA STREET,RENO,NV,89507,,(775) 784-4444,SINGLE USE,OPEN,11536,WASHOE,32031,USA,39.54506236,-119.8183828,711310,PROMOTERS OF PERFORMING ARTS SPORTS AND SIMILAR EVENTS WITH FACILITIES,https://www.unr.edu/lawlor,,,,2013-06-01,1,3,67,Salesforce
Sterling Commerce,SCC_2740,531,1039,YANITELLI CENTER,870 MONTGOMERY STREET,JERSEY CITY,NJ,7306,,(201) 761-7308,SINGLE USE,OPEN,3200,HUDSON,34017,USA,40.72771,-74.0731,711310,PROMOTERS OF PERFORMING ARTS SPORTS AND SIMILAR EVENTS WITH FACILITIES,https://www.saintpeters.edu/rlc/yanitelli/,VICTOR R.YANITELLI CENTER,,,2010-05-01,1,3,67,Salesforce
Sterling Commerce,SCC_1723,537,1045,MEMORIAL HALL GYMNASIUM,1200 NORTH DUPONT HIGHWAY,DOVER,DE,19901,,,SINGLE USE,OPEN,3000,KENT,48263,USA,39.18752001,-75.54336001,711310,PROMOTERS OF PERFORMING ARTS SPORTS AND SIMILAR EVENTS WITH FACILITIES,http://www.dsuhornets.com/ViewArticle.dbml?DB_OEM_ID=12900&ATCLID=835006,,,,2018-09-01,1,4,50,Salesforce
Sterling Commerce,SCC_2574,538,1046,MOORE GYMNASIUM,623 DOCTOR MARY MCLEOD BETHUNE BOULEVARD,DAYTONA BEACH,FL,32114,,,SINGLE USE,OPEN,3000,VOLUSIA,12127,USA,29.21090037,-81.0309087,711310,PROMOTERS OF PERFORMING ARTS SPORTS AND SIMILAR EVENTS WITH FACILITIES,https://bcuathletics.com/facilities/?id=6,,,,2013-07-01,1,3,67,Salesforce
Sterling Commerce,SCC_3675,546,1054,REDBIRD ARENA,COLLEGE AVENUE AND NORTH MAIN STREET,NORMAL,IL,61761,,(309) 438-8000,SINGLE USE,OPEN,10200,MCLEAN,38055,USA,40.51069,-88.99873,711310,PROMOTERS OF PERFORMING ARTS SPORTS AND SIMILAR EVENTS WITH FACILITIES,https://goredbirds.com/sports/2014/5/12/Facilty_redbird_arena.aspx,,,,2011-09-01,1,3,67,Salesforce
Sterling Commerce,SCC_3862,557,1065,MCKEON PAVILION,DE LA SALLE DRIVE AND GAEL WAY,MORAGA,CA,94556,,(203) 396-8130,SINGLE USE,OPEN,3500,CONTRA COSTA,6013,USA,37.84125,-122.10638,711310,PROMOTERS OF PERFORMING ARTS SPORTS AND SIMILAR EVENTS WITH FACILITIES,https://smcgaels.com/sports/2018/5/29/ot-index-facilities-html.aspx,,,,2012-09-01,1,4,50,Salesforce
Sterling Commerce,SCC_1108,558,1066,WAR MEMORIAL GYMNASIUM,2335 GOLDEN GATE AVENUE,SAN FRANCISCO,CA,94117,,(415) 422-2873,SINGLE USE,OPEN,5300,SAN FRANCISCO,6075,USA,37.77684,-122.44953,711310,PROMOTERS OF PERFORMING ARTS SPORTS AND SIMILAR EVENTS WITH FACILITIES,https://www.usfca.edu/campus-buildings-services/main-campus/war-memorial-gym,,,,2019-09-01,1,5,40,Salesforce
Sterling Commerce,SCC_3535,559,1067,UNITED SUPERMARKETS ARENA,INDIANA AVENUE AND 18TH STREET,LUBBOCK,TX,79409,,(806) 742-7362,SINGLE USE,OPEN,15020,LUBBOCK,48303,USA,33.58131093,-101.8866579,711310,PROMOTERS OF PERFORMING ARTS SPORTS AND SIMILAR EVENTS WITH FACILITIES,http://www.unitedsupermarketsarena.com/,,,UNITED SPIRIT ARENA,2017-10-01,1,3,67,Salesforce
Sterling Commerce,SCC_3661,564,367,CAPITAL ONE ARENA,610 F STREET NW,WASHINGTON,DC,20001,,(202) 628-3200,MULTIUSE,OPEN,20600,DISTRICT OF COLUMBIA,11001,USA,38.89817166,-77.02103207,711310,PROMOTERS OF PERFORMING ARTS SPORTS AND SIMILAR EVENTS WITH FACILITIES,https://capitalonearena.viewlift.com/,,,VERIZON CENTER,2011-01-01,1,5,40,Salesforce
Sterling Commerce,SCC_2351,568,1077,REESE COURT,WASHINGTON STREET AND ELM STREET,CHENEY,WA,99004,,,SINGLE USE,OPEN,6000,SPOKANE,53063,USA,47.49135606,-117.5894513,711310,PROMOTERS OF PERFORMING ARTS SPORTS AND SIMILAR EVENTS WITH FACILITIES,https://goeags.prestosports.com/facilities/ewas-reesecourt.html,SPECIAL EVENTS PAVILION,,,2016-08-01,1,3,67,Salesforce
Sterling Commerce,SCC_3086,574,1083,VALUE CITY ARENA,555 BORROR DRIVE,COLUMBUS,OH,43210,,(614) 688-3939,SINGLE USE,OPEN,18809,FRANKLIN,53021,USA,40.00762475,-83.02483304,711310,PROMOTERS OF PERFORMING ARTS SPORTS AND SIMILAR EVENTS WITH FACILITIES,https://www.schottensteincenter.com/,JEROME SCHOTTENSTEIN CENTER,,,2014-02-01,1,3,67,Salesforce
Sterling Commerce,SCC_2971,575,1084,WILLIAMS ARENA,1925 UNIVERSITY AVENUE SE,MINNEAPOLIS,MN,55455,,(612) 625-3007,SINGLE USE,OPEN,14625,HENNEPIN,27053,USA,44.977,-93.22834,711310,PROMOTERS OF PERFORMING ARTS SPORTS AND SIMILAR EVENTS WITH FACILITIES,https://gophersports.com/sports/2018/5/21/facilities-williams-arena-html.aspx,,,,2016-01-01,1,3,67,Salesforce
Sterling Commerce,SCC_2700,579,1088,UC SANTA BARBARA EVENTS CENTER,OCEAN ROAD AND EL COLEGIO ROAD,SANTA BARBARA,CA,93106,,,SINGLE USE,OPEN,6000,SANTA BARBARA,6083,USA,34.41375,-119.85132,711310,PROMOTERS OF PERFORMING ARTS SPORTS AND SIMILAR EVENTS WITH FACILITIES,http://ucsb.prestosports.com/traditions/thunderdome,THE THUNDERDOME,THE CAMPUS EVENTS CENTER,,2018-11-01,1,3,67,Salesforce
Sterling Commerce,SCC_3595,584,1093,STUART C. SIEGEL CENTER,1200 WEST BROAD STREET,RICHMOND,VA,23220,,(804) 827-1000,SINGLE USE,OPEN,7500,RICHMOND,51760,USA,37.55294693,-77.45289317,711310,PROMOTERS OF PERFORMING ARTS SPORTS AND SIMILAR EVENTS WITH FACILITIES,http://siegelcenter.com/landing/index,VERIZON WIRELESS ARENA,,,2016-03-01,1,4,50,Salesforce
Sterling Commerce,SCC_2849,586,1095,SECU ARENA,AUBURN DRIVE,TOWSON,MD,21204,,(855) 888-4437,SINGLE USE,OPEN,5200,BALTIMORE,24005,USA,39.38738236,-76.61707093,711310,PROMOTERS OF PERFORMING ARTS SPORTS AND SIMILAR EVENTS WITH FACILITIES,https://www.towson.edu/campus/landmarks/securarena/,,,,2019-04-01,1,3,67,Salesforce
Sterling Commerce,SCC_1985,587,1096,TRASK COLISEUM,WAGONER ROAD AND HURST DRIVE,WILMINGTON,NC,28403,,,SINGLE USE,OPEN,6100,NEW HANOVER,37129,USA,34.22500017,-77.87832058,711310,PROMOTERS OF PERFORMING ARTS SPORTS AND SIMILAR EVENTS WITH FACILITIES,https://uncw.edu/ba/campus_map/trask.html,,,,2010-02-01,1,4,50,Salesforce
Sterling Commerce,SCC_4567,590,1099,WILLIAMS ARENA AT MINGES COLISEUM,FICKHEN STREET,GREENVILLE,NC,27858,,(252) 737-4500,SINGLE USE,OPEN,8000,PITT,37147,USA,35.59733632,-77.36707809,711310,PROMOTERS OF PERFORMING ARTS SPORTS AND SIMILAR EVENTS WITH FACILITIES,https://ecupirates.com/facilities/?id=12,,,,2011-05-01,1,3,67,Salesforce
Sterling Commerce,SCC_3591,591,1100,RESCH CENTER,1901 SOUTH ONEIDA STREET,GREEN BAY,WI,54304,,(800) 895-0071,SINGLE USE,OPEN,9729,BROWN,27015,USA,44.4995093,-88.05493715,711310,PROMOTERS OF PERFORMING ARTS SPORTS AND SIMILAR EVENTS WITH FACILITIES,https://www.reschcenter.com/,,,,2010-08-01,1,3,67,Salesforce
Sterling Commerce,SCC_1487,593,1102,UW-MILWAUKEE PANTHER ARENA,400 WEST KILBORNE AVENUE,MILWAUKEE,WI,53203,,(800) 745-3000,SINGLE USE,OPEN,12700,MILWAUKEE,55079,USA,43.04231197,-87.91688653,711310,PROMOTERS OF PERFORMING ARTS SPORTS AND SIMILAR EVENTS WITH FACILITIES,https://www.uwmilwaukeepantherarena.com/,,,U.S. CELLULAR ARENA,2010-10-01,1,3,67,Salesforce
Sterling Commerce,SCC_1470,596,1105,THE PAVILION (CALIFORNIA),LA RUE ROAD AND ORCHARD ROAD,DAVIS,CA,95616,,(530) 752-1730,SINGLE USE,OPEN,5931,YOLO,6113,USA,38.54180917,-121.7596353,711310,PROMOTERS OF PERFORMING ARTS SPORTS AND SIMILAR EVENTS WITH FACILITIES,http://www.ucdavisaggies.com/facilities/?id=5,THE PAVILION AT ARC,,,2017-03-01,1,3,67,Salesforce
Sterling Commerce,SCC_4098,597,1106,TIGER ARENA,TOMPKINS HEIGHTS,SAVANNAH,GA,31404,,,SINGLE USE,OPEN,6000,CHATHAM,37037,USA,32.02378,-81.06586,711310,PROMOTERS OF PERFORMING ARTS SPORTS AND SIMILAR EVENTS WITH FACILITIES,https://ssuathletics.com/sports/2013/1/7/GEN_0107131107.aspx?id=76,,,,2019-08-01,1,5,40,Salesforce
Sterling Commerce,SCC_3715,598,1107,UTRGV FIELDHOUSE,WEST VAN WEEK STREET AND NORTH 5TH AVENUE,EDINBURG,TX,78541,,(956) 665-2221,SINGLE USE,OPEN,2500,HIDALGO,48215,USA,26.30675887,-98.16979213,711310,PROMOTERS OF PERFORMING ARTS SPORTS AND SIMILAR EVENTS WITH FACILITIES,https://goutrgv.com/sports/2010/10/25/UTRGVFieldhouse.aspx?id=5,,,UTPA FIELDHOUSE,2013-01-01,1,3,67,Salesforce
Sterling Commerce,SCC_2433,599,1108,LEVIEN GYMNASIUM,3030 BROADWAY,NEW YORK,NY,10027,,,SINGLE USE,OPEN,2700,NEW YORK,36061,USA,40.80999,-73.96194,711310,PROMOTERS OF PERFORMING ARTS SPORTS AND SIMILAR EVENTS WITH FACILITIES,https://gocolumbialions.com/sports/2018/6/5/319179.aspx,,,,2012-07-01,1,5,40,Salesforce
Sterling Commerce,SCC_2160,601,1110,PAUL BAILEY PIZZITOLA MEMORIAL SPORTS CENTER,LLOYD AVENUE AND HOPE STREET,PROVIDENCE,RI,2906,,,SINGLE USE,OPEN,2800,PROVIDENCE,44007,USA,41.83179817,-71.39815672,711310,PROMOTERS OF PERFORMING ARTS SPORTS AND SIMILAR EVENTS WITH FACILITIES,https://brownbears.com/facilities/?id=15,,,,2018-11-01,1,5,40,Salesforce
Sterling Commerce,SCC_3880,607,1116,SKYHAWK ARENA,MOUNT PELIA ROAD AND UNIVERSITY STREET,MARTIN,TN,38237,,,SINGLE USE,OPEN,4300,WEAKLEY,47183,USA,36.34363723,-88.86805366,711310,PROMOTERS OF PERFORMING ARTS SPORTS AND SIMILAR EVENTS WITH FACILITIES,https://utmsports.com/facilities/?id=3,KATHLEEN AND TOM ELAM CENTER,,,2015-05-01,1,5,40,Salesforce
Sterling Commerce,SCC_3760,608,1117,MAPLES PAVILION,655 CAMPUS DRIVE,STANFORD,CA,94305,,(650) 736-4079,SINGLE USE,OPEN,7233,SANTA CLARA,6085,USA,37.4295594,-122.1606158,711310,PROMOTERS OF PERFORMING ARTS SPORTS AND SIMILAR EVENTS WITH FACILITIES,https://gostanford.com/facilities/?id=10,,,,2016-02-01,1,5,40,Salesforce
Sterling Commerce,SCC_3687,610,1119,SOJKA PAVILION,701 MOORE AVENUE,LEWISBURG,PA,17837,,,SINGLE USE,OPEN,4000,UNION,41061,USA,40.95693731,-76.88685177,711310,PROMOTERS OF PERFORMING ARTS SPORTS AND SIMILAR EVENTS WITH FACILITIES,https://bucknellbison.com/news/2013/7/19/209105193.aspx,,,,2017-03-01,1,5,40,Salesforce
Sterling Commerce,SCC_3378,621,1130,MCKENZIE ARENA,720 EAST 4TH STREET,CHATTANOOGA,TN,37403,,(423) 266-6627,SINGLE USE,OPEN,10928,HAMILTON,20075,USA,35.05028565,-85.30090746,711310,PROMOTERS OF PERFORMING ARTS SPORTS AND SIMILAR EVENTS WITH FACILITIES,https://gomocs.com/sports/2015/4/22/GEN_201401016.aspx,,,,2014-09-01,1,3,67,Salesforce
Sterling Commerce,SCC_2455,626,1135,STOPHER GYMNASIUM,NSU ACADIA DRIVE AND NSU ELLENDALE DRIVE,THIBODAUX,LA,70310,,,SINGLE USE,OPEN,3800,LAFOURCHE,22057,USA,29.79230164,-90.80128526,711310,PROMOTERS OF PERFORMING ARTS SPORTS AND SIMILAR EVENTS WITH FACILITIES,http://www.geauxcolonels.com/index.aspx?tab=mensbasketball&path=mbball,,,,2019-09-01,1,5,40,Salesforce
Sterling Commerce,SCC_3593,629,1138,CONVOCATION CENTER (TEXAS),6900 NORTH LOOP 1640 WEST,SAN ANTONIO,TX,78249,,,SINGLE USE,OPEN,4080,BEXAR,48029,USA,29.58238567,-98.62155075,711310,PROMOTERS OF PERFORMING ARTS SPORTS AND SIMILAR EVENTS WITH FACILITIES,https://goutsa.com/sports/2007/6/1/611017.aspx,,,,2013-06-01,1,4,50,Salesforce
Sterling Commerce,SCC_2924,632,1141,MITCHELL CENTER,2195 MITCHELL CENTER DRIVE,MOBILE,AL,36608,,(251) 461-1632,SINGLE USE,OPEN,10041,MOBILE,1097,USA,30.69223124,-88.17972344,711310,PROMOTERS OF PERFORMING ARTS SPORTS AND SIMILAR EVENTS WITH FACILITIES,https://usajaguars.com/sports/2017/1/12/basketball-facilities.aspx,,,,2018-03-01,1,4,50,Salesforce
Sterling Commerce,SCC_2261,635,1144,CAJUNDOME,444 CAJUNDOME BLVD,LAFAYETTE,LA,70506,,(337) 265-2100,SINGLE USE,OPEN,12362,LAFAYETTE,22055,USA,30.21849818,-92.03887735,711310,PROMOTERS OF PERFORMING ARTS SPORTS AND SIMILAR EVENTS WITH FACILITIES,http://www.cajundome.com/,,,,2018-07-01,1,5,40,Salesforce
Sterling Commerce,SCC_2726,636,1145,UNT COLISEUM,600 AVENUE D,DENTON,TX,76201,,(940) 565-2020,SINGLE USE,OPEN,10500,DENTON,48121,USA,33.20862002,-97.15423002,711310,PROMOTERS OF PERFORMING ARTS SPORTS AND SIMILAR EVENTS WITH FACILITIES,https://meangreensports.com/facilities/?id=5,NORTH TEXAS COLISEUM,THE SUPER PIT,,2010-03-01,1,5,40,Salesforce
Sterling Commerce,SCC_2927,637,1146,TROJAN ARENA,5000 VETERANS STADIUM DRIVE,TROY,AL,36082,,(334) 670-3000,SINGLE USE,OPEN,5200,PIKE,28113,USA,31.802211,-85.95231379,711310,PROMOTERS OF PERFORMING ARTS SPORTS AND SIMILAR EVENTS WITH FACILITIES,http://troytrojans.com/sports/2013/12/4/MBB_1204135846.aspx?id=316,,,,2015-10-01,1,5,40,Salesforce
Sterling Commerce,SCC_3274,640,1149,WILLIIAM NICKS BUILDING,L. W. MINOR STREET,PRAIRIE VIEW,TX,77445,,,SINGLE USE,OPEN,6500,WALLER,48473,USA,30.09228022,-95.99304933,711310,PROMOTERS OF PERFORMING ARTS SPORTS AND SIMILAR EVENTS WITH FACILITIES,https://pvpanthers.com/sports/2014/7/30/MBB_0730141952.aspx,WILLIAM BILLY J. NICKS BUILDING,,,2016-10-01,1,5,40,Salesforce
Sterling Commerce,SCC_2078,643,1152,SAVE MART CENTER,2650 E SHAW AVE,FRESNO,CA,93710,,(559) 278-3401,SINGLE USE,OPEN,15596,FRESNO,6019,USA,36.80968311,-119.7384668,711310,PROMOTERS OF PERFORMING ARTS SPORTS AND SIMILAR EVENTS WITH FACILITIES,http://savemartcenter.com/,SAVE MART CENTER AT FRESNO STATE,,,2016-07-01,1,3,67,Salesforce
Sterling Commerce,SCC_4019,644,1153,STAN SHERIFF CENTER,LOWER CAMPUS ROAD,HONOLULU,HI,96822,,(808) 956-6955,SINGLE USE,OPEN,10300,HONOLULU,15003,USA,21.29429,-157.81888,711310,PROMOTERS OF PERFORMING ARTS SPORTS AND SIMILAR EVENTS WITH FACILITIES,https://hawaiiathletics.com/sports/2008/5/14/stan_sheriff_center.aspx?tab=stansheriffcenter,,,,2017-04-01,1,4,50,Salesforce
Sterling Commerce,SCC_1085,645,1154,FORD CENTER,1 SOUTHEAST MARTIN LUTHER KING JR BOULEVARD,EVANSVILLE,IN,47708,,(812) 422-1515,SINGLE USE,OPEN,11000,VANDERBURGH,18163,USA,37.97215,-87.56782,711310,PROMOTERS OF PERFORMING ARTS SPORTS AND SIMILAR EVENTS WITH FACILITIES,http://fordcenter.com/home/,,,,2013-04-01,1,4,50,Salesforce
Sterling Commerce,SCC_3996,646,1155,OCEANFIRST BANK CENTER,400 CEDAR AVENUE,WEST LONG BRANCH,NJ,7764,,(732) 571-3400,SINGLE USE,OPEN,4100,MONMOUTH,34025,USA,40.27946991,-74.00754519,711310,PROMOTERS OF PERFORMING ARTS SPORTS AND SIMILAR EVENTS WITH FACILITIES,https://www.monmouth.edu/campus-planning/the-oceanfirst-bank-center/,,,MULTIPURPOSE ACTIVITY CENTER,2017-08-01,1,3,67,Salesforce
Sterling Commerce,SCC_2676,647,1156,MATTHEW KNIGHT ARENA,1390 VILLARD ST,EUGENE,OR,97401,,(541) 346-4461,SINGLE USE,OPEN,12369,LANE,41039,USA,44.0449,-123.06621,711310,PROMOTERS OF PERFORMING ARTS SPORTS AND SIMILAR EVENTS WITH FACILITIES,http://matthewknightarena.com/,,,,2015-06-01,1,3,67,Salesforce
Sterling Commerce,SCC_3272,648,1157,COLLEGE PARK CENTER,600 SOUTH PECAN STREET,ARLINGTON,TX,76010,,(817) 272-5584,MULTIUSE,OPEN,7000,TARRANT,48439,USA,32.73054,-97.10809,711310,PROMOTERS OF PERFORMING ARTS SPORTS AND SIMILAR EVENTS WITH FACILITIES,https://www.utacollegepark.com/,,,,2014-01-01,1,4,50,Salesforce
Sterling Commerce,SCC_1255,653,1163,TEMPLETON PHYSICAL EDUCATION CENTER,ASHLAND STREET,CLINTON,SC,29325,,,SINGLE USE,OPEN,2300,LAURENS,45059,USA,34.46512849,-81.86895717,711310,PROMOTERS OF PERFORMING ARTS SPORTS AND SIMILAR EVENTS WITH FACILITIES,http://www.gobluehose.com/ViewArticle.dbml?ATCLID=1151441,FURMAN PINSON ARENA,,,2017-09-01,1,5,40,Salesforce
Sterling Commerce,SCC_1445,655,1165,SHARP GYMNASIUM,HINTON DRIVE,HOUSTON,TX,77074,,,SINGLE USE,OPEN,1000,HARRIS,48201,USA,29.695,-95.51691,711310,PROMOTERS OF PERFORMING ARTS SPORTS AND SIMILAR EVENTS WITH FACILITIES,https://hbuhuskies.com/sports/2011/9/21/Facilities.aspx,,,,2012-06-01,1,3,67,Salesforce
Sterling Commerce,SCC_2114,657,389,KEYARENA,305 HARRISON STREET,SEATTLE,WA,98109,,(206) 684-7200,OTHER,CLOSED,17072,KING,53033,USA,47.62209,-122.35406,711310,PROMOTERS OF PERFORMING ARTS SPORTS AND SIMILAR EVENTS WITH FACILITIES,http://www.keyarena.com/,KEYARENA AT SEATTLE CENTER,,,2016-07-01,1,3,67,Salesforce
Sterling Commerce,SCC_2614,663,1173,VADALABENE CENTER,NORTH CIRCLE DRIVE AND NORTHWEST ROAD,EDWARDSVILLE,IL,62026,,(618) 650-3705,SINGLE USE,OPEN,4000,MADISON,30057,USA,38.7963415,-89.99992849,711310,PROMOTERS OF PERFORMING ARTS SPORTS AND SIMILAR EVENTS WITH FACILITIES,https://www.siuecougars.com/facilities/vadalabene_center_basketball,SAM M. VADALABENE CENTER,,,2016-07-01,1,5,40,Salesforce
Sterling Commerce,SCC_1404,665,1175,TD ARENA,301 MEETING ST,CHARLESTON,SC,29401,,(843) 953-2632,SINGLE USE,OPEN,5100,CHARLESTON,45019,USA,32.78543199,-79.9344187,711310,PROMOTERS OF PERFORMING ARTS SPORTS AND SIMILAR EVENTS WITH FACILITIES,https://cofcsports.com/sports/2006/12/8/717604.aspx,TORONTO DOMINION BANK ARENA,,,2015-11-01,1,5,40,Salesforce
Sterling Commerce,SCC_4095,667,1177,FREDRICK C. HOBDY ASSEMBLY CENTER,1234 GRAMBLING ROAD,GRAMBLING,LA,71245,,,SINGLE USE,OPEN,7500,LINCOLN,32017,USA,32.52036533,-92.72379585,711310,PROMOTERS OF PERFORMING ARTS SPORTS AND SIMILAR EVENTS WITH FACILITIES,https://gsutigers.com/sports/2018/6/25/fredrick-c-hobdy-assembly-center.aspx?id=38,,,,2018-04-01,1,3,67,Salesforce
Sterling Commerce,SCC_4637,671,1181,ALAMODOME,100 MONTANA STREET,SAN ANTONIO,TX,78203,,(210) 207-3663,SINGLE USE,OPEN,65000,BEXAR,48029,USA,29.41690221,-98.47898243,711310,PROMOTERS OF PERFORMING ARTS SPORTS AND SIMILAR EVENTS WITH FACILITIES,http://www.alamodome.com/,,,,2015-02-01,1,3,67,Salesforce
Sterling Commerce,SCC_3656,672,1182,KIDD BREWER STADIUM,270 STADIUM DRIVE,BOONE,NC,28607,,(828) 262-7825,SINGLE USE,OPEN,30000,WATAUGA,37189,USA,36.21160595,-81.68554872,711310,PROMOTERS OF PERFORMING ARTS SPORTS AND SIMILAR EVENTS WITH FACILITIES,https://appstatesports.com/news/2015/8/1/204989181.aspx,,,,2018-11-01,1,5,40,Salesforce
Sterling Commerce,SCC_1848,677,1187,CAMPING WORLD STADIUM,1 CITRUS BOWL PLACE,ORLANDO,FL,32801,,(407) 423-2476,OTHER,OPEN,65438,ORANGE,12095,USA,28.53904164,-81.40277138,711310,PROMOTERS OF PERFORMING ARTS SPORTS AND SIMILAR EVENTS WITH FACILITIES,http://www.campingworldstadium.com/,,,ORLANDO CITRUS BOWL,2015-07-01,1,3,67,Salesforce
Sterling Commerce,SCC_2889,680,1190,TAMPA BAY DOWNS,11225 RACE TRACK ROAD,TAMPA,FL,33626,,(813) 855-4401,SINGLE USE,OPEN,-999,HILLSBOROUGH,12057,USA,28.05146,-82.646,711212,RACETRACKS,http://www.tampabaydowns.com,,,,2017-07-01,1,3,67,Salesforce
Sterling Commerce,SCC_3611,690,1200,BAXTER ARENA,2425 SOUTH 67TH STREET,OMAHA,NE,68106,,(402) 554-6200,SINGLE USE,OPEN,7898,DOUGLAS,31055,USA,41.236165,-96.013021,711310,PROMOTERS OF PERFORMING ARTS SPORTS AND SIMILAR EVENTS WITH FACILITIES,https://omavs.com/index.aspx?path=baxterarena,,,,2010-11-01,1,4,50,Salesforce
Sterling Commerce,SCC_1143,694,1203,YULMAN STADIUM,BEN WEINER DRIVE,NEW ORLEANS,LA,70118,,(504) 221-2131,SINGLE USE,OPEN,30000,ORLEANS,22071,USA,29.9446,-90.116,711310,PROMOTERS OF PERFORMING ARTS SPORTS AND SIMILAR EVENTS WITH FACILITIES,https://tulanegreenwave.com/facilities/?id=30,,,,2011-01-01,1,3,67,Salesforce
Sterling Commerce,SCC_4928,701,1209,GLEN ABBEY GOLF COURSE,1333 DORVAL DRIVE,OAKVILLE,ON,L6M 3Z4,,(905) 844-1800,SINGLE USE,OPEN,-999,HALTON,3524001,CAN,43.45272084,-79.71374809,713910,GOLF COURSES AND COUNTRY CLUBS,https://glenabbey.clublink.ca/,,,,2012-05-01,1,3,67,Salesforce
Sterling Commerce,SCC_3748,703,1211,WHISTLING STRAITS,N8501 COUNTY ROAD LS,KOHLER,WI,53083,,(800) 618-5535,SINGLE USE,OPEN,-999,SHEBOYGAN,55117,USA,43.85091888,-87.73514465,713910,GOLF COURSES AND COUNTRY CLUBS,https://www.americanclubresort.com/golf/whistling-straits,,,,2010-03-01,1,5,40,Salesforce
Sterling Commerce,SCC_3017,704,1212,PLAINFIELD COUNTRY CLUB,1591 WOODLAND AVENUE,PLAINFIELD,NJ,8820,,(908) 757-1800,SINGLE USE,OPEN,-999,MIDDLESEX,34023,USA,40.59443774,-74.39008493,713910,GOLF COURSES AND COUNTRY CLUBS,https://www.plainfieldcc.com/,,,,2010-10-01,1,5,40,Salesforce
Sterling Commerce,SCC_2123,707,1214,NOLA MOTORSPORTS PARK,11075 NICOLLE BLVD,AVONDALE,LA,70094,,(504) 302-4875,SINGLE USE,OPEN,-999,JEFFERSON,22051,USA,29.88469,-90.201813,711212,RACETRACKS,https://nolamotor.com/,,,,2016-06-01,1,5,40,Salesforce
Sterling Commerce,SCC_2070,710,1217,RHODE ISLAND COUNTRY CLUB,150 NAYATT ROAD,BARRINGTON,RI,2806,,(401) 245-5700,SINGLE USE,OPEN,-999,BRISTOL,44001,USA,41.72836006,-71.32966694,713910,GOLF COURSES AND COUNTRY CLUBS,http://www.ricc.org/Club/Scripts/Home/home.asp,,,,2018-06-01,1,4,50,Salesforce
Sterling Commerce,SCC_2651,711,1218,CANTERBURY PARK,1100 CANTERBURY ROAD,SHAKOPEE,MN,55379,,(952) 445-7223,SINGLE USE,OPEN,-999,SCOTT,27139,USA,44.78976958,-93.4801467,711212,RACETRACKS,http://www.canterburypark.com/,,,,2015-02-01,1,3,67,Salesforce
Sterling Commerce,SCC_1677,713,1220,KENTUCKY DOWNS,5629 NASHVILLE ROAD,FRANKLIN,KY,42134,,(270) 586-7778,SINGLE USE,OPEN,-999,SIMPSON,21213,USA,36.64310366,-86.56462923,711212,RACETRACKS,http://www.kentuckydowns.com/racing,,,,2011-08-01,1,3,67,Salesforce
Sterling Commerce,SCC_1277,714,1221,SUFFOLK DOWNS,525 WILLIAM F MCCLELLAN HIGHWAY,BOSTON,MA,2128,,(617) 567-3900,OTHER,CLOSED,-999,SUFFOLK,25025,USA,42.39428675,-70.99737829,711212,RACETRACKS,http://suffolkdowns.com/,,,,2010-04-01,1,3,67,Salesforce
Sterling Commerce,SCC_2528,723,1228,OAKMONT COUNTRY CLUB,1233 HULTON RD,OAKMONT,PA,15139,,(412) 828-8000,SINGLE USE,OPEN,-999,ALLEGHENY,42003,USA,40.526084,-79.826897,713910,GOLF COURSES AND COUNTRY CLUBS,http://www.oakmont-countryclub.org/,,,,2014-09-01,1,4,50,Salesforce
Sterling Commerce,SCC_2373,726,1231,CROOKED STICK GOLF COURSE,1964 BURNING TREE LN,CARMEL,IN,46032,,(317) 844-9938,SINGLE USE,OPEN,-999,HAMILTON,18057,USA,39.94786,-86.1941,713910,GOLF COURSES AND COUNTRY CLUBS,http://www.crookedstick.org/,,,,2011-04-01,1,3,67,Salesforce
Sterling Commerce,SCC_4795,733,1238,VICTORY FIELD,501 W MARYLAND ST,INDIANAPOLIS,IN,46225,,(317) 269-3545,SINGLE USE,OPEN,12230,MARION,18097,USA,39.7648,-86.1685,711310,PROMOTERS OF PERFORMING ARTS SPORTS AND SIMILAR EVENTS WITH FACILITIES,https://www.milb.com/indianapolis/ballpark/victory-field,,,,2016-03-01,1,4,50,Salesforce
Sterling Commerce,SCC_1069,736,1241,HARBOR PARK,150 PARK AVE,NORFOLK,VA,23510,,(757) 622-2222,SINGLE USE,OPEN,11856,NORFOLK,51710,USA,36.842597,-76.278691,711310,PROMOTERS OF PERFORMING ARTS SPORTS AND SIMILAR EVENTS WITH FACILITIES,http://www.milb.com/content/page.jsp?ymd=20081124&content_id=41067682&fext=.jsp&vkey=news_t568&sid=t568,,,,2018-09-01,1,3,67,Salesforce
Sterling Commerce,SCC_1556,737,1242,MCCOY STADIUM,1 COLUMBUS AVE,PAWTUCKET,RI,2860,,(401) 724-7300,SINGLE USE,OPEN,10031,PROVIDENCE,44007,USA,41.87339,-71.37011,711310,PROMOTERS OF PERFORMING ARTS SPORTS AND SIMILAR EVENTS WITH FACILITIES,http://www.milb.com/content/page.jsp?sid=t533&ymd=20080830&content_id=452367&vkey=team1,,,,2019-09-01,1,3,67,Salesforce
Sterling Commerce,SCC_4407,741,1246,FIFTH THIRD FIELD,406 WASHINGTON ST,TOLEDO,OH,43604,,(419) 725-4367,SINGLE USE,OPEN,8943,LUCAS,39095,USA,41.648585,-83.53866,711310,PROMOTERS OF PERFORMING ARTS SPORTS AND SIMILAR EVENTS WITH FACILITIES,http://www.milb.com/content/page.jsp?sid=t512&ymd=20100219&content_id=8098256&vkey=team2,,,,2016-06-01,1,5,40,Salesforce
Sterling Commerce,SCC_4261,745,1250,CHUKCHANSI PARK,1800 TULARE ST,FRESNO,CA,93721,,(559) 442-1047,SINGLE USE,OPEN,12500,FRESNO,6019,USA,36.73215,-119.790644,711310,PROMOTERS OF PERFORMING ARTS SPORTS AND SIMILAR EVENTS WITH FACILITIES,http://www.milb.com/content/page.jsp?ymd=20081119&content_id=41087602&fext=.jsp&vkey=news_t259&sid=t259,,,,2014-09-01,1,3,67,Salesforce
Sterling Commerce,SCC_4890,748,1253,AUTOZONE PARK,200 UNION AVE,MEMPHIS,TN,38103,,(901) 721-6050,SINGLE USE,OPEN,10000,SHELBY,47157,USA,35.14292047,-90.0493087,711310,PROMOTERS OF PERFORMING ARTS SPORTS AND SIMILAR EVENTS WITH FACILITIES,http://www.milb.com/content/page.jsp?ymd=20051130&content_id=41120622&sid=t235&vkey=team1,,,,2019-08-01,1,4,50,Salesforce
Sterling Commerce,SCC_1310,751,1256,CHICKASAW BRICKTOWN BALLPARK,2 S MICKEY MANTLE DR,OKLAHOMA CITY,OK,73104,,(405) 218-1000,SINGLE USE,OPEN,13066,OKLAHOMA,40109,USA,35.465055,-97.507938,711310,PROMOTERS OF PERFORMING ARTS SPORTS AND SIMILAR EVENTS WITH FACILITIES,http://www.milb.com/content/page.jsp?ymd=20090701&content_id=5639560&fext=.jsp&sid=t238&vkey=team1,,,,2016-12-01,1,3,67,Salesforce
Sterling Commerce,SCC_2856,752,1257,WERNER PARK,12356 BALLPARK WAY,PAPILLION,NE,68046,,(402) 738-5100,SINGLE USE,OPEN,9023,SARPY,31153,USA,41.1517,-96.106615,711310,PROMOTERS OF PERFORMING ARTS SPORTS AND SIMILAR EVENTS WITH FACILITIES,https://www.milb.com/omaha/ballpark/werner-park,,,,2010-08-01,1,4,50,Salesforce
Sterling Commerce,SCC_4100,753,1258,ACES BALLPARK,250 EVANS AVE,RENO,NV,89501,,(775) 334-4700,SINGLE USE,OPEN,9013,WASHOE,32031,USA,39.5286,-119.808256,711310,PROMOTERS OF PERFORMING ARTS SPORTS AND SIMILAR EVENTS WITH FACILITIES,http://www.milb.com/content/page.jsp?sid=t2310&ymd=20110128&content_id=16524368&vkey=team1,,,,2014-05-01,1,4,50,Salesforce
Sterling Commerce,SCC_2266,760,1265,ESTADIO DE BEISBOL FRAY NANO,FERNANDO IGLESIAS CALDERON S/N,MEXICO CITY,DF,15900,,,SINGLE USE,OPEN,5200,VENUSTIANO CARRANZA,9017,MEX,19.41015468,-99.10886226,711310,PROMOTERS OF PERFORMING ARTS SPORTS AND SIMILAR EVENTS WITH FACILITIES,https://www.diablos.com.mx/estadio.php,,,,2010-02-01,1,3,67,Salesforce
Sterling Commerce,SCC_3205,762,1267,ESTADIO DE BEISBOL MONTERREY,AV MANUEL L. BARRAGAN S/N,MONTERREY,NL,64290,,(818) 351-8022,SINGLE USE,OPEN,22061,MONTERREY,19039,MEX,25.718008,-100.31548,711310,PROMOTERS OF PERFORMING ARTS SPORTS AND SIMILAR EVENTS WITH FACILITIES,http://sultanes.com.mx/estadio/,,,,2012-10-01,1,4,50,Salesforce
Sterling Commerce,SCC_4432,766,1271,ESTADIO NELSON BARRERA ROMELLON,BENJAM√çN GANZO 1635,CAMPECHE,CM,24020,,,SINGLE USE,OPEN,6000,CAMPECHE,4002,MEX,19.8627,-90.5106,711310,PROMOTERS OF PERFORMING ARTS SPORTS AND SIMILAR EVENTS WITH FACILITIES,http://www.piratasdecampeche.mx/piratasdecampeche/,,,,2013-08-01,1,5,40,Salesforce
Sterling Commerce,SCC_3038,768,1273,ESTADIO DE BEISBOL HERMANOS SERDAN,AV UNIDAD DEPORTIVA 2245,PUEBLA,PU,72220,,(222) 222-2116,SINGLE USE,OPEN,12100,PUEBLA,21114,MEX,19.07528774,-98.16490287,711310,PROMOTERS OF PERFORMING ARTS SPORTS AND SIMILAR EVENTS WITH FACILITIES,https://pericosdepuebla.com.mx/estadio/,,,,2016-06-01,1,5,40,Salesforce
Sterling Commerce,SCC_4628,781,1284,IUPUI GYMNASIUM,1000 WATERWAY BLVD,INDIANAPOLIS,IN,46202,,(317) 274-3518,OTHER,OPEN,1215,MARION,41047,USA,39.77066634,-86.17496444,711310,PROMOTERS OF PERFORMING ARTS SPORTS AND SIMILAR EVENTS WITH FACILITIES,https://iupuijags.com/sports/2007/12/20/jungle.aspx,THE JUNGLE,,,2011-06-01,1,5,40,Salesforce
Sterling Commerce,SCC_2416,782,1285,C.M. TAD SMITH COLISEUM,SOUTH POOLE DRIVE AND CHAPEL LANE,OXFORD,MS,38677,,(662) 915-7411,OTHER,OPEN,8700,LAFAYETTE,22055,USA,34.36212474,-89.53932493,711310,PROMOTERS OF PERFORMING ARTS SPORTS AND SIMILAR EVENTS WITH FACILITIES,https://olemisssports.com/news/2007/9/21/Tad_Smith_Coliseum_Access_and_Use.aspx,TAD SMITH COLISEUM,,,2013-07-01,1,5,40,Salesforce
Sterling Commerce,SCC_1179,785,1269,PARQUE DE BEISBOL ADOLFO LOPEZ MATEOS,DURANGO 400,REYNOSA,TM,88654,,,OTHER,OPEN,-999,REYNOSA,28032,MEX,26.078849,-98.312359,711310,PROMOTERS OF PERFORMING ARTS SPORTS AND SIMILAR EVENTS WITH FACILITIES,http://www.broncosdereynosa.com.mx/index.php?option=com_content&view=article&id=74,,,,2019-05-01,1,3,67,Salesforce
Sterling Commerce,SCC_3714,786,1272,ESTADIO RESURGIMIENTO,AV JUAREZ S/N,CIUDAD DEL CARMEN,CM,24166,,,OTHER,OPEN,-999,CARMEN,4003,MEX,18.64753512,-91.81942782,711310,PROMOTERS OF PERFORMING ARTS SPORTS AND SIMILAR EVENTS WITH FACILITIES,http://www.delfinesbeisbol.com.mx/tickets.htm,,,,2018-08-01,1,5,40,Salesforce
Sterling Commerce,SCC_4701,792,1290,WINTRUST ARENA,INDIANA AVE AND CERMAK RD,CHICAGO,IL,60616,,(312) 791-6900,MULTIUSE,OPEN,10367,COOK,17031,USA,41.853621,-87.62140529,711310,PROMOTERS OF PERFORMING ARTS SPORTS AND SIMILAR EVENTS WITH FACILITIES,https://wintrustarena.com/,,,,2013-05-01,1,3,67,Salesforce
Sterling Commerce,SCC_4249,796,1294,T-MOBILE ARENA,3780 SOUTH LAS VEGAS BLVD,LAS VEGAS,NV,89158,,(702) 692-1600,SINGLE USE,OPEN,17500,CLARK,32003,USA,36.10274433,-115.1781651,711310,PROMOTERS OF PERFORMING ARTS SPORTS AND SIMILAR EVENTS WITH FACILITIES,http://www.t-mobilearena.com/,,,,2019-11-01,1,3,67,Salesforce
Sterling Commerce,SCC_3572,798,1296,GATEWAY MOTORSPORTS PARK,700 RACEWAY BLVD,MADISON,IL,62060,,(618) 215-8888,MULTIUSE,OPEN,-999,SAINT CLAIR,17163,USA,38.65118245,-90.13546426,711212,RACETRACKS,http://www.gatewaymsp.com/,,,,2016-09-01,1,5,40,Salesforce
Sterling Commerce,SCC_2708,800,1298,TPC POTOMAC AT AVENEL FARM,10000 OAKLYN DRIVE,POTOMAC,MD,20854,,(301) 469-3700,SINGLE USE,OPEN,-999,MONTGOMERY,24031,USA,38.98890529,-77.20256427,713910,GOLF COURSES AND COUNTRY CLUBS,https://tpc.com/potomac/,,,,2016-05-01,1,5,40,Salesforce
Sterling Commerce,SCC_2135,802,1300,CHASE CENTER ARENA,1725 3RD ST,SAN FRANCISCO,CA,94158,,(510) 986-5720,,UNDER CONSTRUCTION,18064,SAN FRANCISCO,6075,USA,37.767669,-122.387284,711310,PROMOTERS OF PERFORMING ARTS SPORTS AND SIMILAR EVENTS WITH FACILITIES,https://www.chasecenter.com/,,,,2018-08-01,1,5,40,Salesforce
Sterling Commerce,SCC_3397,805,1303,BANC OF CALIFORNIA STADIUM,3939 SOUTH FIGUEROA ST,LOS ANGELES,CA,90037,,(213) 519-9900,SINGLE USE,OPEN,22000,LOS ANGELES,6037,USA,34.01278345,-118.2840789,711310,PROMOTERS OF PERFORMING ARTS SPORTS AND SIMILAR EVENTS WITH FACILITIES,https://www.bancofcaliforniastadium.com/,,,,2010-07-01,1,5,40,Salesforce
Sterling Commerce,SCC_2788,811,1309,TRINITY FOREST GOLF CLUB,5000 S GREAT TRINITY FOREST WAY,DALLAS,TX,75217,,(216) 646-3570,SINGLE USE,OPEN,-999,DALLAS,48113,USA,32.710085,-96.723748,713910,GOLF COURSES AND COUNTRY CLUBS,https://trinityforestgc.com/,,,,2015-09-01,1,5,40,Salesforce
Sterling Commerce,SCC_1283,813,1311,KEENE TRACE GOLF CLUB,5600 HARRODSBURG RD,NICHOLASVILLE,KY,40356,,(859) 224-4653,SINGLE USE,OPEN,-999,JESSAMINE,21113,USA,37.961081,-84.603435,713910,GOLF COURSES AND COUNTRY CLUBS,https://www.keenetracegolf.com/,,,,2014-03-01,1,5,40,Salesforce
Sterling Commerce,SCC_3419,814,1312,BELLERIVE COUNTRY CLUB,12925 LADUE RD,SAINT LOUIS,MO,63141,,(314) 434-4400,SINGLE USE,OPEN,-999,SAINT LOUIS (CITY),29189,USA,38.659396,-90.482887,713910,GOLF COURSES AND COUNTRY CLUBS,https://www.bellerivecc.org/,,,,2010-04-01,1,5,40,Salesforce
Sterling Commerce,SCC_3807,816,1314,REMINGTON PARK,1 REMINGTON PL,OKLAHOMA CITY,OK,73111,,(405) 424-1000,SINGLE USE,OPEN,-999,OKLAHOMA,40109,USA,35.527801,-97.471189,711212,RACETRACKS,https://www.remingtonpark.com/,,,,2012-08-01,1,4,50,Salesforce
Sterling Commerce,SCC_2714,820,1318,ESTADIO DOMINGO SANTANA,BULEVAR CONGRESO DE CHILPANCINGO 803,LEON,GT,37237,,,SINGLE USE,OPEN,8500,LEON,11020,MEX,21.1455,-101.659538,711310,PROMOTERS OF PERFORMING ARTS SPORTS AND SIMILAR EVENTS WITH FACILITIES,https://deportedigital.mx/presenta-remodelacion-del-parque-domingo-santana-avance-del-20-ciento,,,,2015-01-01,1,3,67,Salesforce
Sterling Commerce,SCC_2912,823,1321,CBU EVENTS CENTER,8431 DIANA AVE,RIVERSIDE,CA,92504,,,SINGLE USE,OPEN,5050,RIVERSIDE,6065,USA,33.92732625,-117.4230428,711310,PROMOTERS OF PERFORMING ARTS SPORTS AND SIMILAR EVENTS WITH FACILITIES,http://cbulancers.com/sports/2017/10/30/cbu-events-center.aspx,,,,2012-10-01,1,4,50,Salesforce
Sterling Commerce,SCC_1828,831,1329,NELSON W WOLFF MUNICIPAL STADIUM,5757 US 90,SAN ANTONIO,TX,78227,,(210) 675-7275,SINGLE USE,OPEN,6200,BEXAR,48029,USA,29.409608,-98.601655,711310,PROMOTERS OF PERFORMING ARTS SPORTS AND SIMILAR EVENTS WITH FACILITIES,http://www.milb.com/content/page.jsp?sid=t510&ymd=20060318&content_id=48476&vkey=team2,,,,2017-01-01,1,3,67,Salesforce
Sterling Commerce,SCC_4256,836,1333,GLOBE LIFE FIELD,NOLAN RYAN EXPY,ARLINGTON,TX,76011,,,,UNDER CONSTRUCTION,40000,TARRANT,48439,USA,32.74436526,-97.08620842,711310,PROMOTERS OF PERFORMING ARTS SPORTS AND SIMILAR EVENTS WITH FACILITIES,https://www.mlb.com/rangers/ballpark/globe-life-field,,,,2018-10-01,1,4,50,Salesforce
Sterling Commerce,C003,189,225,FENWAY PARK,4 YAWKEY WAY,BOSTON,MA,2215,3409,(877) 733-7699,SINGLE USE,OPEN,37493,SUFFOLK,25025,USA,42.34622006,-71.09771003,711310,PROMOTERS OF PERFORMING ARTS SPORTS AND SIMILAR EVENTS WITH FACILITIES,https://www.mlb.com/redsox/ballpark,,,,2015-07-01,1,5,80,Salesforce
Sterling Commerce,C005,48,70,LAMBEAU FIELD,1265 LOMBARDI AVENUE,GREEN BAY,WI,54304,,(920) 569-7500,SINGLE USE,OPEN,81441,BROWN,27015,USA,44.50128014,-88.06221805,711310,PROMOTERS OF PERFORMING ARTS SPORTS AND SIMILAR EVENTS WITH FACILITIES,https://www.packers.com/lambeau-field/,,,,2019-10-01,1,4,75,Salesforce
Sterling Commerce,C004,310,391,MADISON SQUARE GARDEN,4 PENNSYLVANIA PLAZA,NEW YORK,NY,10001,,(212) 465-6741,MULTIUSE,OPEN,19812,NEW YORK,36061,USA,40.7505181,-73.9934684,711310,PROMOTERS OF PERFORMING ARTS SPORTS AND SIMILAR EVENTS WITH FACILITIES,https://www.msg.com/madison-square-garden?cmp=van_thegarden,THE GARDEN,MSG,,2018-09-01,1,4,75,Salesforce
Sterling Commerce,SCC_1762,4,18,BARBER MOTORSPORTS PARK,6040 BARBER MOTORSPORTS PKY,BIRMINGHAM,AL,35094,,(205) 298-9040,SINGLE USE,OPEN,-999,JEFFERSON,1073,USA,33.532,-86.619,711212,RACETRACKS,https://barberracingevents.com/,GRAND PRIX OF ALABAMA,,,2016-04-01,1,4,50,Salesforce
Sterling Commerce,SCC_4787,5,20,STREETS OF TORONTO,100 PRINCES' BOULEVARD,TORONTO,ON,M6K 3C3,,(416) 588-7223,SINGLE USE,OPEN,-999,TORONTO,3520005,CAN,43.63333,-79.41583,711212,RACETRACKS,http://hondaindy.com/,INDY TORONTO,,,2012-05-01,1,4,50,Salesforce
Sterling Commerce,SCC_3258,7,24,BELLE ISLE,STRAND DR.,DETROIT,MI,48207,,(313) 748-1800,SINGLE USE,OPEN,-999,WAYNE,26163,USA,42.33722394,-82.99788282,711212,RACETRACKS,http://detroitgp.com/,DETROIT BELLE ISLE GRAND PRIX,,,2014-07-01,1,4,50,Salesforce
Sterling Commerce,SCC_3875,22,44,WOODBINE RACETRACK,555 REXDALE BLVD,REXDALE,ON,M9W 5L2,,(416) 675-7223,SINGLE USE,OPEN,12000,TORONTO,3520005,CAN,43.712525,-79.602042,711212,RACETRACKS,https://woodbine.com/,,,,2013-06-01,1,3,67,Salesforce
Sterling Commerce,SCC_3735,23,45,AQUEDUCT RACETRACK,110-00 RACKAWAY BOULEVARD,JAMAICA,NY,11417,,(718) 641-4700,SINGLE USE,OPEN,17000,QUEENS,36081,USA,40.672306,-73.830829,711212,RACETRACKS,http://www.nyra.com/aqueduct/,THE BIG A,,,2010-05-01,1,5,40,Salesforce
Sterling Commerce,SCC_2099,569,1078,MILLIS ATHLETIC AND CONVOCATION CENTER,922 COLLEGE DRIVE WEST,HIGH POINT,NC,27262,,(800) 345-6993,SINGLE USE,OPEN,1750,GUILFORD,37081,USA,35.97352,-79.99564,711310,PROMOTERS OF PERFORMING ARTS SPORTS AND SIMILAR EVENTS WITH FACILITIES,http://www.highpointpanthers.com/sports/2009/8/4/fac_0804090945.aspx,JAMES H. AND JESSE E. MILLIS ATHLETIC/CC,,,2011-01-01,1,4,50,Salesforce
Sterling Commerce,SCC_1418,572,1081,WINTHROP COLISEUM,1162 EDEN TERRACE,ROCK HILL,SC,29730,,(803) 323-2211,SINGLE USE,OPEN,6100,YORK,31185,USA,34.94813,-81.01490507,711310,PROMOTERS OF PERFORMING ARTS SPORTS AND SIMILAR EVENTS WITH FACILITIES,https://winthropeagles.com/sports/2012/9/24/GEN_0924120755.aspx?tab=winthropcoliseum,,,,2017-03-01,1,5,40,Salesforce
Sterling Commerce,SCC_2112,2,16,STREETS OF ST. PETERSBURG,BAYSHORE DRIVE SE,SAINT PETERSBURG,FL,33701,,(727) 898-4639,SINGLE USE,OPEN,-999,PINELLAS,12103,USA,27.76548993,-82.62992001,711212,RACETRACKS,http://www.gpstpete.com/,GRAND PRIX OF ST. PETERSBURG,,,2019-12-01,1,4,25,Salesforce
Sterling Commerce,SCC_1692,3,17,STREETS OF LONG BEACH,300 EAST OCEAN BOULEVARD,LONG BEACH,CA,90802,,(562) 981-2600,SINGLE USE,OPEN,-999,LOS ANGELES,6037,USA,33.76323239,-118.1926246,711212,RACETRACKS,http://www.gplb.com/,GRAND PRIX OF LONG BEACH,,,2010-04-01,1,2,50,Salesforce
Sterling Commerce,SCC_2113,6,22,MID-OHIO SPORTS CAR COURSE,7721 STEAM CORNERS ROAD,LEXINGTON,OH,44904,,(419) 884-4000,MULTIUSE,OPEN,10000,MORROW,39117,USA,40.68796723,-82.63948987,711212,RACETRACKS,http://midohio.com/,,,,2010-03-01,1,2,50,Salesforce
Sterling Commerce,SCC_3236,9,27,BELMONT PARK RACE TRACK,2150 HEMPSTEAD TURNPIKE,ELMONT,NY,11003,1551,(718) 641-4700,SINGLE USE,OPEN,32941,NASSAU,36059,USA,40.71446995,-73.72347999,711212,RACETRACKS,http://www.nyra.com/belmont/,,,,2010-07-01,1,2,50,Salesforce
Sterling Commerce,SCC_2994,10,28,CHURCHILL DOWNS,700 CENTRAL AVENUE,LOUISVILLE,KY,40208,1200,(502) 636-4400,SINGLE USE,OPEN,51000,JEFFERSON,21111,USA,38.20224008,-85.77063004,711212,RACETRACKS,http://www.churchilldowns.com,,,,2016-08-01,1,3,33,Salesforce
Sterling Commerce,SCC_1366,11,29,DEL MAR,2260 JIMMY DURANTE BOULEVARD,DEL MAR,CA,92014,,(858) 755-1141,SINGLE USE,OPEN,14304,SAN DIEGO,6073,USA,32.97694004,-117.2632499,711212,RACETRACKS,https://www.dmtc.com,,,,2017-01-01,1,2,50,Salesforce
Sterling Commerce,SCC_4591,14,33,PIMLICO RACE COURSE,5201 PARK HEIGHTS AVENUE,BALTIMORE,MD,21215,,(410) 542-9400,SINGLE USE,OPEN,14852,BALTIMORE (CITY),24510,USA,39.35347997,-76.67324003,711212,RACETRACKS,http://www.pimlico.com/visitors/track-overview,,,,2013-09-01,1,3,33,Salesforce
Sterling Commerce,SCC_4852,16,35,SARATOGA RACE COURSE,267 UNION AVENUE,SARATOGA SPRINGS,NY,12866,,(516) 488-6000,SINGLE USE,OPEN,18000,SARATOGA,36091,USA,43.07161,-73.7685,711212,RACETRACKS,https://www.saratogaracetrack.com/,,,,2016-05-01,1,2,50,Salesforce
Sterling Commerce,SCC_2440,17,38,KEENELAND,4201 VERSAILLES ROAD,LEXINGTON,KY,40588,,(859) 254-3412,SINGLE USE,OPEN,7000,FAYETTE,48149,USA,38.04648799,-84.60892607,711212,RACETRACKS,http://www.keeneland.com/,,,,2012-01-01,1,4,25,Salesforce
Sterling Commerce,SCC_3601,21,43,GULFSTREAM PARK,901 SOUTH FEDERAL HIGHWAY,HALLANDALE BEACH,FL,33009,,(954) 454-7000,SINGLE USE,OPEN,16627,BROWARD,12011,USA,25.97847,-80.13799,711212,RACETRACKS,http://www.gulfstreampark.com/,GULFSTREAM PARK RACING & CASINO,,,2017-04-01,1,4,25,Salesforce
Sterling Commerce,SCC_1271,27,49,OAKLAWN PARK,2705 CENTRAL AVE,HOT SPRINGS,AR,71901,,(800) 625-5296,SINGLE USE,OPEN,6500,GARLAND,5051,USA,34.48531978,-93.05699159,711212,RACETRACKS,http://oaklawn.com/,OAKLAWN JOCKEY CLUB,,,2012-11-01,1,3,33,Salesforce
Sterling Commerce,SCC_1463,29,404,HARD ROCK STADIUM,347 DON SHULA DR,MIAMI GARDENS,FL,33056,,(305) 943-8000,MULTIUSE,OPEN,65326,MIAMI-DADE,12086,USA,25.95793863,-80.23885426,711310,PROMOTERS OF PERFORMING ARTS SPORTS AND SIMILAR EVENTS WITH FACILITIES,https://hardrockstadium.com/,,,SUN LIFE STADIUM,2011-03-01,1,4,25,Salesforce
Sterling Commerce,SCC_1863,30,382,GILLETTE STADIUM,1 PATRIOT PLACE,FOXBORO,MA,2035,1388,(508) 543-8200,MULTIUSE,OPEN,68756,NORFOLK,25021,USA,42.09091592,-71.26435716,711310,PROMOTERS OF PERFORMING ARTS SPORTS AND SIMILAR EVENTS WITH FACILITIES,http://www.gillettestadium.com/,,,,2014-10-01,1,4,25,Salesforce
Sterling Commerce,SCC_4627,35,57,TIAA BANK FIELD,1 EVERBANK FIELD DRIVE,JACKSONVILLE,FL,32202,1918,(904) 633-2000,SINGLE USE,OPEN,67164,DUVAL,48131,USA,30.3239,-81.6374,711310,PROMOTERS OF PERFORMING ARTS SPORTS AND SIMILAR EVENTS WITH FACILITIES,https://tiaabankfield.com/,,,EVERBANK FIELD,2019-01-01,1,3,33,Salesforce
Sterling Commerce,SCC_2363,37,59,NRG STADIUM,1 NRG PARK,HOUSTON,TX,77054,,(832) 667-1400,SINGLE USE,OPEN,71500,HARRIS,48201,USA,29.68492994,-95.41091998,711310,PROMOTERS OF PERFORMING ARTS SPORTS AND SIMILAR EVENTS WITH FACILITIES,https://www.nrgpark.com/nrg-park-facilities-2/nrg-stadium/,,,RELIANT STADIUM,2018-03-01,1,2,50,Salesforce
Sterling Commerce,SCC_1602,41,63,BRONCOS STADIUM AT MILE HIGH,1701 BRYANT STREET,DENVER,CO,80204,1701,(720) 258-3000,SINGLE USE,OPEN,76125,DENVER,8031,USA,39.74391241,-105.0201491,711310,PROMOTERS OF PERFORMING ARTS SPORTS AND SIMILAR EVENTS WITH FACILITIES,http://www.sportsauthorityfieldatmilehigh.com/,MILE HIGH STADIUM,,SPORTS AUTHORITY FIELD AT MILE HIGH,2014-03-01,1,2,50,Salesforce
Sterling Commerce,SCC_4391,47,69,FORD FIELD,2000 BRUSH STREET,DETROIT,MI,48226,2229,(313) 262-2000,SINGLE USE,OPEN,65000,WAYNE,49055,USA,42.34004998,-83.04563997,711310,PROMOTERS OF PERFORMING ARTS SPORTS AND SIMILAR EVENTS WITH FACILITIES,http://www.detroitlions.com/ford-field/index.html,,,,2015-03-01,1,3,33,Salesforce
Sterling Commerce,SCC_2847,55,80,STATE FARM STADIUM,1 CARDINALS DRIVE,GLENDALE,AZ,85305,,(623) 433-7100,SINGLE USE,OPEN,63400,MARICOPA,4013,USA,33.52762883,-112.2627399,711310,PROMOTERS OF PERFORMING ARTS SPORTS AND SIMILAR EVENTS WITH FACILITIES,http://www.universityofphoenixstadium.com/index.php/,,,UNIVERSITY OF PHOENIX STADIUM,2011-07-01,1,4,25,Salesforce
Sterling Commerce,SCC_1676,57,82,ARIZONA STADIUM,545 NORTH NATIONAL CHAMPION DRIVE,TUCSON,AZ,85721,,(520) 621-2200,SINGLE USE,OPEN,56037,PIMA,4019,USA,32.22888537,-110.9487971,711310,PROMOTERS OF PERFORMING ARTS SPORTS AND SIMILAR EVENTS WITH FACILITIES,http://www.arizonawildcats.com/ViewArticle.dbml?ATCLID=208232687,,,,2019-09-01,1,2,50,Salesforce
Sterling Commerce,SCC_3824,58,83,SUN DEVIL STADIUM,500 EAST VETERANS WAY,TEMPE,AZ,85281,,(480) 965-2381,SINGLE USE,OPEN,53599,MARICOPA,4013,USA,33.42641,-111.93253,711310,PROMOTERS OF PERFORMING ARTS SPORTS AND SIMILAR EVENTS WITH FACILITIES,https://thesundevils.com/facilities/?id=12,SUN DEVIL STADIUM/FRANK KUSH FIELD,,,2012-10-01,1,2,50,Salesforce
Sterling Commerce,SCC_1254,63,89,BULLDOG STADIUM,1600 EAST BULLDOG LANE,FRESNO,CA,93740,,(559) 278-2643,SINGLE USE,OPEN,41031,FRESNO,6019,USA,36.81442425,-119.7580813,711310,PROMOTERS OF PERFORMING ARTS SPORTS AND SIMILAR EVENTS WITH FACILITIES,https://gobulldogs.com/facilities/?id=1,,,,2019-07-01,1,3,33,Salesforce
Sterling Commerce,SCC_3206,66,92,FALCON STADIUM,2169 FIELD HOUSE DRIVE,USAFA,CO,80840,,(719) 472-1151,SINGLE USE,OPEN,46692,EL PASO,48141,USA,38.99706,-104.84348,711310,PROMOTERS OF PERFORMING ARTS SPORTS AND SIMILAR EVENTS WITH FACILITIES,http://www.goairforcefalcons.com/facilities/falcon-stadium.html,,,,2014-01-01,1,4,25,Salesforce
Sterling Commerce,SCC_3533,71,98,RICCARDO SILVA STADIUM,11200 SW 8TH STREET,MIAMI,FL,33199,,(305) 348-4263,SINGLE USE,OPEN,20000,MIAMI-DADE,12086,USA,25.75246606,-80.37787752,711310,PROMOTERS OF PERFORMING ARTS SPORTS AND SIMILAR EVENTS WITH FACILITIES,http://www.fiusports.com/sports/2014/6/18/GEN_0618143537.aspx,,,OCEAN BANK FIELD AT FIU STADIUM,2011-07-01,1,4,25,Salesforce
Sterling Commerce,SCC_4740,72,99,BOBBY DODD STADIUM,155 NORTH AVENUE NW,ATLANTA,GA,30332,,(404) 894-2000,SINGLE USE,OPEN,55000,FULTON,17057,USA,33.7725,-84.39285,711310,PROMOTERS OF PERFORMING ARTS SPORTS AND SIMILAR EVENTS WITH FACILITIES,http://ramblinwreck.com/sports/genrel/facilities/bobby-dodd-stadium/,,,,2015-09-01,1,2,50,Salesforce
Sterling Commerce,SCC_4842,75,102,KINNICK STADIUM,825 STADIUM DR,IOWA CITY,IA,52240,,(319) 335-9320,SINGLE USE,OPEN,70585,JOHNSON,56019,USA,41.65865,-91.55111,711310,PROMOTERS OF PERFORMING ARTS SPORTS AND SIMILAR EVENTS WITH FACILITIES,https://hawkeyesports.com/sports/2016/6/13/facilities-iowa-kinnick-stadium-html.aspx,,,,2013-04-01,1,4,25,Salesforce
Sterling Commerce,SCC_4231,76,103,JACK TRICE STADIUM,1798 SOUTH FOURTH STREET,AMES,IA,50010,,(515) 294-5527,SINGLE USE,OPEN,61500,STORY,19169,USA,42.01399,-93.63576,711310,PROMOTERS OF PERFORMING ARTS SPORTS AND SIMILAR EVENTS WITH FACILITIES,https://www.fpm.iastate.edu/maps/buildings/building.asp?id=65,,,,2018-12-01,1,3,33,Salesforce
Sterling Commerce,SCC_1057,80,107,RYAN FIELD,1501 CENTRAL STREET,EVANSTON,IL,60208,840,(847) 491-7887,SINGLE USE,OPEN,49256,COOK,27031,USA,42.06544,-87.69249,711310,PROMOTERS OF PERFORMING ARTS SPORTS AND SIMILAR EVENTS WITH FACILITIES,https://nusports.com/facilities/?id=1,,,,2018-02-01,1,3,33,Salesforce
Sterling Commerce,SCC_2737,82,109,BRYANT-DENNY STADIUM,920 PAUL W. BRYANT DRIVE,TUSCALOOSA,AL,35401,,(205) 348-2262,SINGLE USE,OPEN,101821,TUSCALOOSA,1125,USA,33.20764,-87.55046,711310,PROMOTERS OF PERFORMING ARTS SPORTS AND SIMILAR EVENTS WITH FACILITIES,https://rolltide.com/sports/2016/6/10/facilities-bryant-denny-html.aspx,,,,2017-04-01,1,2,50,Salesforce
Sterling Commerce,SCC_4013,83,110,JORDAN-HARE STADIUM,251 SOUTH DONAHUE DRIVE,AUBURN,AL,36849,,(334) 844-4750,SINGLE USE,OPEN,87451,LEE,48287,USA,32.60219984,-85.48918907,711310,PROMOTERS OF PERFORMING ARTS SPORTS AND SIMILAR EVENTS WITH FACILITIES,https://auburntigers.com/sports/2018/6/11/facilities-jordan-hare-stadium-html.aspx,,,,2012-09-01,1,2,50,Salesforce
Sterling Commerce,SCC_3280,89,116,ROSS-ADE STADIUM,850 STEVEN BEERING DRIVE,WEST LAFAYETTE,IN,47907,,(765) 494-3189,SINGLE USE,OPEN,57236,TIPPECANOE,18157,USA,40.43443,-86.91842,711310,PROMOTERS OF PERFORMING ARTS SPORTS AND SIMILAR EVENTS WITH FACILITIES,https://purduesports.com/facilities/?id=1,,,,2018-06-01,1,4,25,Salesforce
Sterling Commerce,SCC_4757,91,118,SCHEUMANN STADIUM,3300 TILLOTSON AVENUE,MUNCIE,IN,47304,,(765) 285-8251,SINGLE USE,OPEN,22500,DELAWARE,19055,USA,40.21598,-85.41679,711310,PROMOTERS OF PERFORMING ARTS SPORTS AND SIMILAR EVENTS WITH FACILITIES,https://ballstatesports.com/facilities/?id=9,,,,2018-01-01,1,3,33,Salesforce
Sterling Commerce,SCC_2282,94,121,CARDINAL STADIUM,2800 SOUTH FLOYD STREET,LOUISVILLE,KY,40209,,(502) 852-2779,SINGLE USE,OPEN,61000,JEFFERSON,22051,USA,38.2059,-85.75879,711310,PROMOTERS OF PERFORMING ARTS SPORTS AND SIMILAR EVENTS WITH FACILITIES,http://www.gocards.com/facilities/lou-facilities-papajohns-cardinal-stadium.html,,,PAPA JOHN'S CARDINAL STADIUM,2014-07-01,1,3,33,Salesforce
Sterling Commerce,SCC_2627,99,127,JOE AILLET STADIUM,1450 W ALABAMA AVE,RUSTON,LA,71272,,(318) 257-3631,SINGLE USE,OPEN,28019,LINCOLN,32017,USA,32.5321162,-92.65592686,711310,PROMOTERS OF PERFORMING ARTS SPORTS AND SIMILAR EVENTS WITH FACILITIES,https://latechsports.com/facilities/?id=4,,,,2015-06-01,1,4,25,Salesforce
Sterling Commerce,SCC_4645,100,128,ALUMNI STADIUM,CAMPANELLA WAY,CHESTNUT HILL,MA,2467,,(617) 552-8520,SINGLE USE,OPEN,44500,SUFFOLK,25025,USA,42.33511891,-71.16643983,711310,PROMOTERS OF PERFORMING ARTS SPORTS AND SIMILAR EVENTS WITH FACILITIES,https://bceagles.com/facilities/?id=2,,,,2017-08-01,1,3,33,Salesforce
Sterling Commerce,SCC_1974,104,132,SPARTAN STADIUM (MICHIGAN),STADIUM ROAD AND RED CEDAR ROAD,EAST LANSING,MI,48824,,(517) 355-1855,SINGLE USE,OPEN,75005,INGHAM,26065,USA,42.72817,-84.48487,711310,PROMOTERS OF PERFORMING ARTS SPORTS AND SIMILAR EVENTS WITH FACILITIES,http://www.msuspartans.com/facilities/spartan-stadium.html,,,,2015-01-01,1,2,50,Salesforce
Sterling Commerce,SCC_1973,108,136,FAUROT FIELD AT MEMORIAL STADIUM,600 E STADIUM BLVD,COLUMBIA,MO,65201,,(573) 882-6501,SINGLE USE,OPEN,71168,BOONE,31011,USA,38.93585,-92.33319,711310,PROMOTERS OF PERFORMING ARTS SPORTS AND SIMILAR EVENTS WITH FACILITIES,https://mutigers.com/facilities/?id=1,,,,2015-01-01,1,3,33,Salesforce
Sterling Commerce,SCC_4016,109,137,M.M. ROBERTS STADIUM,118 COLLEGE DRIVE,HATTIESBURG,MS,39406,1,(601) 266-1000,SINGLE USE,OPEN,36000,FORREST,28035,USA,31.32897,-89.33123,711310,PROMOTERS OF PERFORMING ARTS SPORTS AND SIMILAR EVENTS WITH FACILITIES,https://southernmiss.com/sports/2018/6/21/_facilities_roberts_stadium_html.aspx?id=1216,THE ROCK,,,2011-07-01,1,3,33,Salesforce
Sterling Commerce,SCC_4790,110,138,DAVIS WADE STADIUM,90 B.S. HOOD ROAD,STARKVILLE,MS,39759,,(662) 325-2323,SINGLE USE,OPEN,61337,OKTIBBEHA,28105,USA,33.45636761,-88.79337872,711310,PROMOTERS OF PERFORMING ARTS SPORTS AND SIMILAR EVENTS WITH FACILITIES,https://hailstate.com/sports/2007/6/16/925427.aspx,,,,2010-10-01,1,2,50,Salesforce
Sterling Commerce,SCC_3708,114,142,KENAN MEMORIAL STADIUM,78 STADIUM DRIVE,CHAPEL HILL,NC,27514,,(919) 966-2575,SINGLE USE,OPEN,51000,ORANGE,48361,USA,35.90694,-79.04789,711310,PROMOTERS OF PERFORMING ARTS SPORTS AND SIMILAR EVENTS WITH FACILITIES,https://goheels.com/news/2012/7/15/205498261.aspx,,,,2016-08-01,1,4,25,Salesforce
Sterling Commerce,SCC_4332,115,143,WALLACE WADE STADIUM,FRANK BASSET DRIVE,DURHAM,NC,27706,,(919) 684-4112,SINGLE USE,OPEN,40004,DURHAM,37063,USA,35.99533,-78.94173,711310,PROMOTERS OF PERFORMING ARTS SPORTS AND SIMILAR EVENTS WITH FACILITIES,http://www.goduke.com/ViewArticle.dbml?ATCLID=218252,,,,2013-04-01,1,4,25,Salesforce
Sterling Commerce,SCC_2238,117,145,MEMORIAL STADIUM (NEBRASKA),600 STADIUM DRIVE,LINCOLN,NE,68508,,(402) 472-2263,SINGLE USE,OPEN,85458,LANCASTER,31109,USA,40.82062,-96.7056,711310,PROMOTERS OF PERFORMING ARTS SPORTS AND SIMILAR EVENTS WITH FACILITIES,http://www.huskers.com/ViewArticle.dbml?ATCLID=734,SEA OF RED,,,2014-04-01,1,2,50,Salesforce
Sterling Commerce,SCC_4158,118,146,HIGHPOINT.COM STADIUM,1 SCARLET KNIGHT WAY,HIGHLAND PARK,NJ,8854,8016,(732) 445-5100,SINGLE USE,OPEN,52454,MIDDLESEX,25017,USA,40.51357,-74.46529,711310,PROMOTERS OF PERFORMING ARTS SPORTS AND SIMILAR EVENTS WITH FACILITIES,https://scarletknights.com/facilities/?id=2,,,HIGH POINT SOLUTIONS STADIUM,2011-09-01,1,3,33,Salesforce
Sterling Commerce,SCC_4961,121,149,SAM BOYD STADIUM,7000 EAST RUSSELL ROAD,LAS VEGAS,NV,89122,8338,(702) 895-3761,SINGLE USE,OPEN,35500,CLARK,32003,USA,36.08625,-115.0167,711310,PROMOTERS OF PERFORMING ARTS SPORTS AND SIMILAR EVENTS WITH FACILITIES,https://unlvrebels.com/sports/2018/5/18/facilities-unlv-m-footbl-boyd-html.aspx,,,,2016-05-01,1,4,25,Salesforce
Sterling Commerce,SCC_4899,122,150,MACKAY STADIUM,EAST STADIUM WAY,RENO,NV,89512,,(775) 348-7225,SINGLE USE,OPEN,30000,WASHOE,32031,USA,39.54692,-119.81754,711310,PROMOTERS OF PERFORMING ARTS SPORTS AND SIMILAR EVENTS WITH FACILITIES,https://nevadawolfpack.com/facilities/?id=14,,,,2015-12-01,1,3,33,Salesforce
Sterling Commerce,SCC_4914,124,152,MICHIE STADIUM,700 MILLS ROAD,WEST POINT,NY,10996,,(845) 446-4996,SINGLE USE,OPEN,38000,ORANGE,48361,USA,41.38754,-73.96413,711310,PROMOTERS OF PERFORMING ARTS SPORTS AND SIMILAR EVENTS WITH FACILITIES,https://goarmywestpoint.com/sports/2015/3/6/GEN_2014010113.aspx?path=football,BLAIK FIELD AT MICHIE STADIUM,,,2015-06-01,1,3,33,Salesforce
Sterling Commerce,SCC_1853,127,155,NIPPERT STADIUM,2700 BEARCATS WAY,CINCINNATI,OH,45221,,(513) 556-2287,MULTIUSE,OPEN,40000,HAMILTON,20075,USA,39.13121,-84.51618,711310,PROMOTERS OF PERFORMING ARTS SPORTS AND SIMILAR EVENTS WITH FACILITIES,http://www.gobearcats.com/sports/m-footbl/archive/080206aad.html,,,,2019-01-01,1,4,25,Salesforce
Sterling Commerce,SCC_3522,130,158,FRED C. YAGER STADIUM,BONHAM ROAD AND SHADOW HILLS DRIVE,OXFORD,OH,45056,1846,(513) 529-1809,SINGLE USE,OPEN,24286,BUTLER,19023,USA,39.51954,-84.73292,711310,PROMOTERS OF PERFORMING ARTS SPORTS AND SIMILAR EVENTS WITH FACILITIES,https://miamiredhawks.com/sports/2018/6/7/facilities-yager-stadium-guide-15-html.aspx,YAGER STADIUM,,,2010-08-01,1,4,25,Salesforce
Sterling Commerce,SCC_2111,131,159,GLASS BOWL,STADIUM DRIVE AND NORTH GLASS BOWL DRIVE,TOLEDO,OH,43606,,(419) 530-3790,SINGLE USE,OPEN,26248,LUCAS,19117,USA,41.65727353,-83.61359507,711310,PROMOTERS OF PERFORMING ARTS SPORTS AND SIMILAR EVENTS WITH FACILITIES,https://utrockets.com/news/2007/10/3/Glass_Bowl_One_of_America_s_Great_Football_Stadiums.aspx,,,,2011-11-01,1,3,33,Salesforce
Sterling Commerce,SCC_1098,136,164,AUTZEN STADIUM,2727 LEO HARRIS PARKWAY,EUGENE,OR,97401,,(541) 346-4461,SINGLE USE,OPEN,54000,LANE,41039,USA,44.05826852,-123.0685041,711310,PROMOTERS OF PERFORMING ARTS SPORTS AND SIMILAR EVENTS WITH FACILITIES,http://www.goducks.com/ViewArticle.dbml?ATCLID=205174790,,,,2015-11-01,1,3,33,Salesforce
Sterling Commerce,SCC_3037,139,169,MEMORIAL STADIUM (SOUTH CAROLINA),WILLIAMSON DRIVE AND AVENUE OF CHAMPIONS,CLEMSON,SC,29634,,(800) 253-6766,SINGLE USE,OPEN,80301,PICKENS,45077,USA,34.67873,-82.84318,711310,PROMOTERS OF PERFORMING ARTS SPORTS AND SIMILAR EVENTS WITH FACILITIES,http://clemsontigers.com/death-valley/,DEATH VALLEY,,,2010-07-01,1,2,50,Salesforce
Sterling Commerce,SCC_3157,145,175,DARRELL K. ROYAL-TEXAS MEMORIAL STADIUM,2139 SAN JACINTO BLVD,AUSTIN,TX,78712,,(512) 471-7437,SINGLE USE,OPEN,100119,TRAVIS,48453,USA,30.28365619,-97.73253462,711310,PROMOTERS OF PERFORMING ARTS SPORTS AND SIMILAR EVENTS WITH FACILITIES,https://texassports.com/sports/2013/7/24/facilities_0724133148.aspx?id=205,,,,2019-10-01,1,3,33,Salesforce
Sterling Commerce,SCC_3128,153,185,RICE-ECCLES STADIUM,451 SOUTH 1400 EAST,SALT LAKE CITY,UT,84102,,(801) 581-5445,SINGLE USE,OPEN,45807,SALT LAKE,49035,USA,40.75996,-111.84881,711310,PROMOTERS OF PERFORMING ARTS SPORTS AND SIMILAR EVENTS WITH FACILITIES,https://utahutes.com/facilities/?id=3,,,,2016-12-01,1,3,33,Salesforce
Sterling Commerce,SCC_4903,156,188,SCOTT STADIUM,1815 STADIUM ROAD,CHARLOTTTESVILLE,VA,22903,,(434) 924-5100,SINGLE USE,OPEN,61500,ALBEMARLE,51003,USA,38.03112,-78.51369,711310,PROMOTERS OF PERFORMING ARTS SPORTS AND SIMILAR EVENTS WITH FACILITIES,https://virginiasports.com/facilities/?id=4,,,,2010-09-01,1,2,50,Salesforce
Sterling Commerce,SCC_4962,157,189,HUSKY STADIUM,3800 MONTLAKE BOULEVARD NE,SEATTLE,WA,98105,,(206) 543-2210,SINGLE USE,OPEN,70138,KING,53033,USA,47.6503,-122.30156,711310,PROMOTERS OF PERFORMING ARTS SPORTS AND SIMILAR EVENTS WITH FACILITIES,https://gohuskies.com/sports/2013/7/2/208568068.aspx,,,,2013-03-01,1,2,50,Salesforce
Sterling Commerce,SCC_4476,161,193,JOAN C. EDWARDS STADIUM,2001 3RD AVENUE,HUNTINGTON,WV,25755,,(304) 696-3170,SINGLE USE,OPEN,38016,CABELL,54011,USA,38.42493,-82.42092,711310,PROMOTERS OF PERFORMING ARTS SPORTS AND SIMILAR EVENTS WITH FACILITIES,https://herdzone.com/sports/2018/6/11/facilities-joan-edwards-stadium-html.aspx,,,,2017-10-01,1,4,25,Salesforce
Sterling Commerce,SCC_1917,166,198,HOUCHENS INDUSTRIES-L.T. SMITH STADIUM,1605 AVENUE OF CHAMPIONS,BOWLING GREEN,KY,42101,,(800) 524-4733,SINGLE USE,OPEN,22113,WARREN,28149,USA,36.98472,-86.45944,711310,PROMOTERS OF PERFORMING ARTS SPORTS AND SIMILAR EVENTS WITH FACILITIES,http://wkusports.com/facilities/?id=2,,,,2015-05-01,1,3,33,Salesforce
Sterling Commerce,SCC_1163,171,205,DICK'S SPORTING GOODS PARK,6000 VICTORY WAY,COMMERCE CITY,CO,80022,,(303) 727-3500,SINGLE USE,OPEN,18061,ADAMS,53001,USA,39.80564364,-104.8918442,711310,PROMOTERS OF PERFORMING ARTS SPORTS AND SIMILAR EVENTS WITH FACILITIES,http://www.coloradorapids.com/stadium/complex-overview,,,,2010-01-01,1,3,33,Salesforce
Sterling Commerce,SCC_1939,173,207,RFK MEMORIAL STADIUM,2400 EAST CAPITOL STREET SE,WASHINGTON,DC,20003,,(202) 587-5000,OTHER,OPEN,45423,DISTRICT OF COLUMBIA,11001,USA,38.88983999,-76.97213,711310,PROMOTERS OF PERFORMING ARTS SPORTS AND SIMILAR EVENTS WITH FACILITIES,http://eventsdc.com/Venues/RFKStadium.aspx,,,DISTRICT OF COLUMBIA STADIUM,2014-01-01,1,3,33,Salesforce
Sterling Commerce,SCC_4466,174,208,MAPFRE STADIUM,1 BLACK AND GOLD BOULEVARD,COLUMBUS,OH,43211,,(614) 447-2739,SINGLE USE,OPEN,20455,FRANKLIN,53021,USA,40.00955001,-82.99104997,711310,PROMOTERS OF PERFORMING ARTS SPORTS AND SIMILAR EVENTS WITH FACILITIES,http://mapfrestadium.com/,,,COLUMBUS CREW STADIUM,2013-08-01,1,2,50,Salesforce
Sterling Commerce,SCC_4382,178,213,TALEN ENERGY STADIUM,1 STADIUM DRIVE,CHESTER,PA,19013,,(610) 859-3100,SINGLE USE,OPEN,18500,DELAWARE,19055,USA,39.83277917,-75.37851524,711310,PROMOTERS OF PERFORMING ARTS SPORTS AND SIMILAR EVENTS WITH FACILITIES,http://www.philadelphiaunion.com/stadium,,,PPL PARK,2013-11-01,1,3,33,Salesforce
Sterling Commerce,SCC_3400,180,215,AVAYA STADIUM,1123 COLEMAN AVENUE,SAN JOSE,CA,95110,,(408) 556-7700,SINGLE USE,OPEN,18000,SANTA CLARA,6085,USA,37.351158,-121.924857,711310,PROMOTERS OF PERFORMING ARTS SPORTS AND SIMILAR EVENTS WITH FACILITIES,https://www.sjearthquakes.com/avayastadium,,,,2012-05-01,1,3,33,Salesforce
Sterling Commerce,SCC_2765,184,220,CHASE FIELD,401 EAST JEFFERSON STREET,PHOENIX,AZ,85004,2438,(602) 462-6500,SINGLE USE,OPEN,48633,MARICOPA,4013,USA,33.44527181,-112.0668013,711310,PROMOTERS OF PERFORMING ARTS SPORTS AND SIMILAR EVENTS WITH FACILITIES,http://chase.crowndns.com/#main,,,,2013-05-01,1,4,25,Salesforce
Sterling Commerce,SCC_1993,191,227,PROGRESSIVE FIELD,2401 ONTARIO STREET,CLEVELAND,OH,44115,4003,(216) 420-4487,SINGLE USE,OPEN,35041,CUYAHOGA,39035,USA,41.49578882,-81.68529746,711310,PROMOTERS OF PERFORMING ARTS SPORTS AND SIMILAR EVENTS WITH FACILITIES,https://www.mlb.com/indians/ballpark/,,,,2016-10-01,1,2,50,Salesforce
Sterling Commerce,SCC_4624,193,229,MILLER PARK,1 BREWERS WAY,MILWAUKEE,WI,53214,3652,(414) 902-4400,SINGLE USE,OPEN,41900,MILWAUKEE,55079,USA,43.02812,-87.97118,711310,PROMOTERS OF PERFORMING ARTS SPORTS AND SIMILAR EVENTS WITH FACILITIES,https://www.mlb.com/brewers/ballpark/,,,,2017-05-01,1,4,25,Salesforce
Sterling Commerce,SCC_2892,195,231,BUSCH STADIUM,700 CLARK AVENUE,SAINT LOUIS,MO,63102,,(314) 345-9600,SINGLE USE,OPEN,43975,SAINT LOUIS,29510,USA,38.62257998,-90.19306005,711310,PROMOTERS OF PERFORMING ARTS SPORTS AND SIMILAR EVENTS WITH FACILITIES,https://www.mlb.com/cardinals/ballpark,,,,2014-01-01,1,3,33,Salesforce
Sterling Commerce,SCC_2280,197,233,AT&T PARK,24 WILLIE MAYS PLAZA,SAN FRANCISCO,CA,94107,,(415) 972-2000,SINGLE USE,OPEN,41915,SAN FRANCISCO,6075,USA,37.77839884,-122.3896917,711310,PROMOTERS OF PERFORMING ARTS SPORTS AND SIMILAR EVENTS WITH FACILITIES,https://www.mlb.com/giants/ballpark,,,,2010-11-01,1,4,25,Salesforce
Sterling Commerce,SCC_1164,200,236,SAFECO FIELD,1250 1ST AVENUE SOUTH,SEATTLE,WA,98134,1216,(206) 346-4000,SINGLE USE,OPEN,47715,KING,53033,USA,47.59147,-122.33235,711310,PROMOTERS OF PERFORMING ARTS SPORTS AND SIMILAR EVENTS WITH FACILITIES,https://www.mlb.com/mariners/ballpark,,,,2018-12-01,1,4,25,Salesforce
Sterling Commerce,SCC_3458,203,239,TROPICANA FIELD,1 TROPICANA DRIVE,SAINT PETERSBURG,FL,33705,,(727) 825-3137,SINGLE USE,OPEN,31042,PINELLAS,12103,USA,27.76812543,-82.65345563,711310,PROMOTERS OF PERFORMING ARTS SPORTS AND SIMILAR EVENTS WITH FACILITIES,https://www.mlb.com/rays/ballpark,,,,2018-11-01,1,3,33,Salesforce
Sterling Commerce,SCC_3622,204,240,GEORGIA STATE STADIUM,755 HANK AARON DRIVE,ATLANTA,GA,30315,,(404) 413-4020,SINGLE USE,OPEN,24333,FULTON,17057,USA,33.73551993,-84.38945007,711310,PROMOTERS OF PERFORMING ARTS SPORTS AND SIMILAR EVENTS WITH FACILITIES,https://stadium.gsu.edu/,,,TURNER FIELD,2011-07-01,1,3,33,Salesforce
Sterling Commerce,SCC_3495,211,248,MARLINS PARK,501 MARLINS WAY,MIAMI,FL,33125,,(305) 480-1300,SINGLE USE,OPEN,37000,MIAMI-DADE,12086,USA,25.77809,-80.21953,711310,PROMOTERS OF PERFORMING ARTS SPORTS AND SIMILAR EVENTS WITH FACILITIES,https://www.mlb.com/marlins/ballpark,,,,2016-09-01,1,3,33,Salesforce
Sterling Commerce,SCC_2367,212,249,WAIALAE COUNTRY CLUB,4997 KAHALA AVENUE,HONOLULU,HI,96816,,(808) 734-2151,SINGLE USE,OPEN,-999,HONOLULU,15003,USA,21.2705336,-157.7762245,713910,GOLF COURSES AND COUNTRY CLUBS,http://www.waialaecc.com/,,,,2010-12-01,1,2,50,Salesforce
Sterling Commerce,SCC_2807,214,251,PEBBLE BEACH GOLF LINKS,1700 17-MILE DRIVE,PEBBLE BEACH,CA,93953,,(800) 877-0597,SINGLE USE,OPEN,-999,MONTEREY,6053,USA,36.56895913,-121.9506744,713910,GOLF COURSES AND COUNTRY CLUBS,https://www.pebblebeach.com/golf/pebble-beach-golf-links/,,,,2010-03-01,1,2,50,Salesforce
Sterling Commerce,SCC_2944,215,252,CORDEVALLE GOLF CLUB,1 CORDEVALLE CLUB DR.,SAN MARTIN,CA,95046,,(408) 695-4500,SINGLE USE,OPEN,-999,SANTA CLARA,6085,USA,37.06764759,-121.6329639,713910,GOLF COURSES AND COUNTRY CLUBS,http://www.cordevallegolf.com/,,,,2014-02-01,1,2,50,Salesforce
Sterling Commerce,SCC_1493,218,255,PGA WEST,55-955 PGA BOULEVARD,LA QUINTA,CA,92253,,(760) 564-7111,SINGLE USE,OPEN,-999,RIVERSIDE,6065,USA,33.64340813,-116.2674445,713910,GOLF COURSES AND COUNTRY CLUBS,https://www.pgawest.com/club/scripts/section/section.asp?NS=HP,,,,2012-08-01,1,4,25,Salesforce
Sterling Commerce,SCC_2198,222,259,TOURNAMENT PLAYERS CLUB SCOTTSDALE,17020 NORTH HAYDEN ROAD,SCOTTSDALE,AZ,85255,,(480) 585-4334,SINGLE USE,OPEN,-999,MARICOPA,4013,USA,33.64060881,-111.9088858,713910,GOLF COURSES AND COUNTRY CLUBS,https://tpc.com/scottsdale/,,,,2019-08-01,1,4,25,Salesforce
Sterling Commerce,SCC_1756,223,260,COCO BEACH GOLF COURSE,100 CLUBHOUSE DRIVE,RIO GRANDE,PR,745,,(787) 657-2000,SINGLE USE,OPEN,-999,R√çO GRANDE,72119,PRI,18.40660258,-65.79849542,713910,GOLF COURSES AND COUNTRY CLUBS,http://www.cocopuertorico.com/,,,TRUMP INTERNATIONAL GOLF CLUB,2018-03-01,1,2,50,Salesforce
Sterling Commerce,SCC_4316,225,262,GOLF CLUB OF HOUSTON,5860 WILSON ROAD,HUMBLE,TX,77396,,(281) 459-7809,SINGLE USE,OPEN,-999,HARRIS,48201,USA,29.9234735,-95.26130754,713910,GOLF COURSES AND COUNTRY CLUBS,http://www.golfclubofhouston.com/,,,REDSTONE GOLF CLUB,2015-02-01,1,2,50,Salesforce
Sterling Commerce,SCC_4941,230,267,TOURNAMENT PLAYERS CLUB AT DEERE RUN,3100 HEATHER KNOLL,SILVIS,IL,61282,,(309) 796-6000,SINGLE USE,OPEN,-999,ROCK ISLAND,17161,USA,41.47734659,-90.39226986,713910,GOLF COURSES AND COUNTRY CLUBS,https://tpc.com/deererun/,,,,2015-02-01,1,4,25,Salesforce
Sterling Commerce,SCC_1780,237,274,PINEHURST RESORT,1 CAROLINA VISTA DRIVE,PINEHURST,NC,28374,,(855) 235-8507,SINGLE USE,OPEN,-999,MOORE,37125,USA,35.18953331,-79.46776055,713910,GOLF COURSES AND COUNTRY CLUBS,http://www.pinehurst.com/,,,,2010-07-01,1,3,33,Salesforce
Sterling Commerce,SCC_1952,241,278,SEA ISLAND GOLF CLUB,100 RETREAT ROAD,ST SIMONS ISLAND,GA,31522,,(800) 732-4752,SINGLE USE,OPEN,-999,GLYNN,13127,USA,31.13825518,-81.40556238,713910,GOLF COURSES AND COUNTRY CLUBS,https://www.seaisland.com/golf/,,,,2014-11-01,1,4,25,Salesforce
Sterling Commerce,SCC_3795,245,282,INNISBROOK NORTH & SOUTH COURSES,36750 US HIGHWAY 19 N,PALM HARBOR,FL,34683,,(888) 794-8627,SINGLE USE,OPEN,-999,PINELLAS,12103,USA,28.11249865,-82.75646197,713910,GOLF COURSES AND COUNTRY CLUBS,https://www.innisbrookgolfresort.com/,,,,2012-01-01,1,4,25,Salesforce
Sterling Commerce,SCC_3384,247,284,TRUMP NATIONAL DORAL GOLF CLUB,4400 NORTHWEST 87TH AVENUE,DORAL,FL,33178,,(305) 592-2000,SINGLE USE,OPEN,-999,MIAMI-DADE,12086,USA,25.81423774,-80.33979832,713910,GOLF COURSES AND COUNTRY CLUBS,https://www.trumpgolfdoral.com/,,,DORAL GOLF RESORT & SPA,2014-01-01,1,4,25,Salesforce
Sterling Commerce,SCC_4409,248,285,MAYA KOBA,PLAYA DEL CARMEN KM 298,PLAYA DEL CARMEN,QR,77760,,(984) 206-3088,SINGLE USE,OPEN,-999,SOLIDARIDAD,23008,MEX,20.68966332,-87.03127908,713910,GOLF COURSES AND COUNTRY CLUBS,http://www.mayakobagolf.com/,,,,2012-05-01,1,3,33,Salesforce
Sterling Commerce,SCC_1771,250,287,CONGRESSIONAL COUNTRY CLUB,8500 RIVER ROAD,BETHESDA,MD,20817,,(301) 469-2000,SINGLE USE,OPEN,-999,MONTGOMERY,24031,USA,38.99635688,-77.17650316,713910,GOLF COURSES AND COUNTRY CLUBS,https://www.ccclub.org/,,,,2010-08-01,1,4,25,Salesforce
Sterling Commerce,SCC_1155,253,290,TOURNAMENT PLAYERS CLUB AT RIVER HIGHLANDS,1 GOLF CLUB ROAD,CROMWELL,CT,6416,,(860) 635-5000,SINGLE USE,OPEN,-999,MIDDLESEX,9007,USA,41.63190235,-72.63962377,713910,GOLF COURSES AND COUNTRY CLUBS,https://tpc.com/riverhighlands/,,,,2011-09-01,1,4,25,Salesforce
Sterling Commerce,SCC_3476,258,295,BRISTOL MOTOR SPEEDWAY,151 SPEEDWAY BOULEVARD,BRISTOL,TN,37620,,(423) 989-6933,SINGLE USE,OPEN,160000,SULLIVAN,29211,USA,36.51563077,-82.25707745,711212,RACETRACKS,http://www.bristolmotorspeedway.com/,,,,2014-04-01,1,4,25,Salesforce
Sterling Commerce,SCC_4990,263,402,RICHMOND INTERNATIONAL RACEWAY,600 EAST LABURNUM AVENUE,RICHMOND,VA,23222,,(866) 455-7223,SINGLE USE,OPEN,60720,HENRICO,51087,USA,37.59174,-77.42009,711212,RACETRACKS,http://www.richmondraceway.com/,,,,2014-05-01,1,3,33,Salesforce
Sterling Commerce,SCC_3331,265,302,CHARLOTTE MOTOR SPEEDWAY,5555 CONCORD PARKWAY SOUTH,CONCORD,NC,28027,,(704) 455-3200,SINGLE USE,OPEN,89000,CABARRUS,37025,USA,35.35141,-80.68221,711212,RACETRACKS,http://www.charlottemotorspeedway.com/,,,,2015-10-01,1,2,50,Salesforce
Sterling Commerce,SCC_4080,267,304,POCONO RACEWAY,500 LONG POND ROAD,LONG POND,PA,18334,,(570) 646-2300,MULTIUSE,OPEN,76812,MONROE,55081,USA,41.05568,-75.51319,711212,RACETRACKS,http://www.poconoraceway.com/,,,,2013-09-01,1,2,50,Salesforce
Sterling Commerce,SCC_4755,268,393,MICHIGAN INTERNATIONAL SPEEDWAY,12626 U.S. HIGHWAY 12,BROOKLYN,MI,49230,,(517) 592-6666,SINGLE USE,OPEN,71000,LENAWEE,26091,USA,42.06466915,-84.24083798,711212,RACETRACKS,http://www.mispeedway.com/,,,,2019-11-01,1,2,50,Salesforce
Sterling Commerce,SCC_1732,269,386,SONOMA RACEWAY,29355 ARNOLD DRIVE,SONOMA,CA,94954,,(707) 938-8448,MULTIUSE,OPEN,47000,SONOMA,6097,USA,38.1626285,-122.4561602,711212,RACETRACKS,http://www.sonomaraceway.com/,,,INFINEON RACEWAY,2019-08-01,1,2,50,Salesforce
Sterling Commerce,SCC_4644,271,395,NEW HAMPSHIRE MOTOR SPEEDWAY,1122 ROUTE 106 NORTH,LOUDON,NH,3307,,(603) 783-4931,SINGLE USE,OPEN,93521,MERRIMACK,33013,USA,43.36279857,-71.46065986,711212,RACETRACKS,http://www.nhms.com/,,,,2011-01-01,1,3,33,Salesforce
Sterling Commerce,SCC_3448,274,377,KANSAS SPEEDWAY,400 SPEEDWAY BOULEVARD,KANSAS CITY,KS,66111,,(866) 460-7223,SINGLE USE,OPEN,72000,WYANDOTTE,20209,USA,39.11579,-94.83095,711212,RACETRACKS,http://www.kansasspeedway.com/,,,,2018-05-01,1,4,25,Salesforce
Sterling Commerce,SCC_4435,275,384,HOMESTEAD-MIAMI SPEEDWAY,1 SPEEDWAY BOULEVARD,HOMESTEAD,FL,33035,1500,(305) 230-5000,SINGLE USE,OPEN,55000,MIAMI-DADE,12086,USA,25.45216,-80.40856,711212,RACETRACKS,http://www.homesteadmiamispeedway.com/,,,,2011-03-01,1,2,50,Salesforce
Sterling Commerce,SCC_4541,278,318,ROAD AMERICA,N7390 HIGHWAY 67,PLYMOUTH,WI,53073,,(920) 892-4576,MULTIUSE,OPEN,40000,SHEBOYGAN,55117,USA,43.79722276,-88.00035079,711212,RACETRACKS,http://www.roadamerica.com/,,,,2014-02-01,1,2,50,Salesforce
Sterling Commerce,SCC_2206,279,329,MOHEGAN SUN ARENA,1 MOHEGAN SUN BOULEVARD,UNCASVILLE,CT,6382,1355,(860) 862-8000,SINGLE USE,OPEN,10000,NEW LONDON,9011,USA,41.49117413,-72.08974733,711310,PROMOTERS OF PERFORMING ARTS SPORTS AND SIMILAR EVENTS WITH FACILITIES,https://mohegansun.com/poi/venues/mohegan-sun-arena.html,,,,2012-08-01,1,3,33,Salesforce
Sterling Commerce,SCC_2336,282,342,SAP CENTER AT SAN JOSE,525 WEST SANTA CLARA STREET,SAN JOSE,CA,95113,1520,(408) 287-7070,SINGLE USE,OPEN,17562,SANTA CLARA,6085,USA,37.33268999,-121.90128,711310,PROMOTERS OF PERFORMING ARTS SPORTS AND SIMILAR EVENTS WITH FACILITIES,http://www.sapcenter.com/,THE SHARK TANK,,HP PAVILION AT SAN JOSE,2018-07-01,1,2,50,Salesforce
Sterling Commerce,SCC_1158,285,347,NATIONWIDE ARENA,200 WEST NATIONWIDE BOULEVARD,COLUMBUS,OH,43215,2563,(614) 246-2000,SINGLE USE,OPEN,18500,FRANKLIN,53021,USA,39.96928795,-83.00598113,711310,PROMOTERS OF PERFORMING ARTS SPORTS AND SIMILAR EVENTS WITH FACILITIES,http://www.nationwidearena.com/,,,,2019-04-01,1,3,33,Salesforce
Sterling Commerce,SCC_1869,287,349,AMALIE ARENA,401 CHANNELSIDE DRIVE,TAMPA,FL,33602,5400,(813) 301-6500,SINGLE USE,OPEN,19204,HILLSBOROUGH,12057,USA,27.9427157,-82.45179433,711310,PROMOTERS OF PERFORMING ARTS SPORTS AND SIMILAR EVENTS WITH FACILITIES,http://www.amaliearena.com/,ST. PETE TIMES FORUM,,TAMPA BAY TIMES FORUM,2017-04-01,1,4,25,Salesforce
Sterling Commerce,SCC_3108,288,350,XCEL ENERGY CENTER,199 KELLOGG BOULEVARD WEST,SAINT PAUL,MN,55102,1200,(651) 265-4800,SINGLE USE,OPEN,18064,RAMSEY,38071,USA,44.94483004,-93.100984,711310,PROMOTERS OF PERFORMING ARTS SPORTS AND SIMILAR EVENTS WITH FACILITIES,http://www.xcelenergycenter.com/,THE X,THE FOREST,,2014-09-01,1,2,50,Salesforce
Sterling Commerce,SCC_1725,289,351,ENTERPRISE CENTER,1401 CLARK AVENUE,SAINT LOUIS,MO,63103,2700,(314) 622-5400,SINGLE USE,OPEN,18724,SAINT LOUIS,29510,USA,38.62685773,-90.20265017,711310,PROMOTERS OF PERFORMING ARTS SPORTS AND SIMILAR EVENTS WITH FACILITIES,http://www.enterprisecenter.com/,KIEL CENTER,SAVVIS CENTER,SCOTTRADE CENTER,2010-02-01,1,2,50,Salesforce
Sterling Commerce,SCC_3456,290,353,BRIDGESTONE ARENA,501 BROADWAY,NASHVILLE,TN,37203,3980,(615) 770-2000,SINGLE USE,OPEN,17113,DAVIDSON,47037,USA,36.15917947,-86.7784521,711310,PROMOTERS OF PERFORMING ARTS SPORTS AND SIMILAR EVENTS WITH FACILITIES,http://www.bridgestonearena.com/,NASHVILLE ARENA,GAYLORD ENT CTR,NASHVILLE ARENA,2014-05-01,1,2,50,Salesforce
Sterling Commerce,SCC_2163,291,354,GILA RIVER ARENA,9400 WEST MARYLAND AVENUE,GLENDALE,AZ,85305,3114,(623) 772-3200,SINGLE USE,OPEN,17125,MARICOPA,4013,USA,33.53195736,-112.26133,711310,PROMOTERS OF PERFORMING ARTS SPORTS AND SIMILAR EVENTS WITH FACILITIES,http://gilariverarena.com/,,,JOBING.COM,2011-03-01,1,2,50,Salesforce
Sterling Commerce,SCC_4188,294,357,SCOTIABANK SADDLEDOME,555 SADDLEDOME RISE SOUTHEAST,CALGARY,AB,T2G 2W1,,(403) 777-4646,SINGLE USE,OPEN,19289,CALGARY,4806016,CAN,51.03744196,-114.0518759,711310,PROMOTERS OF PERFORMING ARTS SPORTS AND SIMILAR EVENTS WITH FACILITIES,http://www.scotiabanksaddledome.com/,,,,2012-11-01,1,2,50,Salesforce
Sterling Commerce,SCC_2215,296,360,BELL CENTRE,1909 AVENUE CANADIENS-MONTREAL,MONTREAL,QC,H4B 5G0,,(514) 932-2582,SINGLE USE,OPEN,21287,MONTREAL,2466025,CAN,45.49603446,-73.56934632,711310,PROMOTERS OF PERFORMING ARTS SPORTS AND SIMILAR EVENTS WITH FACILITIES,http://www.centrebell.ca/en/,LE CENTRE BELL,MOLSON CENTRE,,2016-08-01,1,4,25,Salesforce
Sterling Commerce,SCC_2397,298,800,GOLDEN 1 CENTER,547 L ST,SACRAMENTO,CA,95814,,(888) 915-4647,SINGLE USE,OPEN,17608,SACRAMENTO,6067,USA,38.58033,-121.499657,711310,PROMOTERS OF PERFORMING ARTS SPORTS AND SIMILAR EVENTS WITH FACILITIES,http://golden1center.com/,,,,2010-01-01,1,3,33,Salesforce
Sterling Commerce,SCC_2257,300,803,QUICKEN LOANS ARENA,1 CENTER COURT,CLEVELAND,OH,44115,,(216) 420-2000,SINGLE USE,OPEN,20562,CUYAHOGA,39035,USA,41.496534,-81.68818002,711310,PROMOTERS OF PERFORMING ARTS SPORTS AND SIMILAR EVENTS WITH FACILITIES,http://www.theqarena.com/,,,GUND ARENA,2019-02-01,1,2,50,Salesforce
Sterling Commerce,SCC_3134,301,804,ORACLE ARENA,7000 COLISEUM WAY,OAKLAND,CA,94621,,(510) 569-2121,SINGLE USE,OPEN,19596,ALAMEDA,6001,USA,37.75029271,-122.2029017,711310,PROMOTERS OF PERFORMING ARTS SPORTS AND SIMILAR EVENTS WITH FACILITIES,http://www.coliseum.com/,,,,2011-08-01,1,3,33,Salesforce
Sterling Commerce,SCC_4446,304,363,AMERICAN AIRLINES CENTER,2500 VICTORY AVENUE,DALLAS,TX,75219,,(214) 222-3687,MULTIUSE,OPEN,19200,DALLAS,19049,USA,32.79062005,-96.81043,711310,PROMOTERS OF PERFORMING ARTS SPORTS AND SIMILAR EVENTS WITH FACILITIES,http://www.americanairlinescenter.com/,AAC,,,2014-12-01,1,2,50,Salesforce
Sterling Commerce,SCC_4671,307,397,STATE FARM ARENA,1 PHILIPS DRIVE NW,ATLANTA,GA,30303,,(404) 878-3000,MULTIUSE,OPEN,18118,FULTON,17057,USA,33.75729997,-84.39630998,711310,PROMOTERS OF PERFORMING ARTS SPORTS AND SIMILAR EVENTS WITH FACILITIES,https://www.statefarmarena.com/,,,PHILIPS ARENA,2010-08-01,1,3,33,Salesforce
Sterling Commerce,SCC_2104,313,407,TALKING STICK RESORT ARENA,201 EAST JEFFERSON,PHOENIX,AZ,85004,,(602) 379-2000,MULTIUSE,OPEN,18422,MARICOPA,4013,USA,33.44583058,-112.0712868,711310,PROMOTERS OF PERFORMING ARTS SPORTS AND SIMILAR EVENTS WITH FACILITIES,http://www.talkingstickresortarena.com/,,,US AIRWAYS CENTER,2019-08-01,1,2,50,Salesforce
Sterling Commerce,SCC_1710,314,820,SPECTRUM CENTER,333 EAST TRADE STREET,CHARLOTTE,NC,28202,,(704) 688-9000,SINGLE USE,OPEN,19077,MECKLENBURG,37119,USA,35.22517209,-80.83942713,711310,PROMOTERS OF PERFORMING ARTS SPORTS AND SIMILAR EVENTS WITH FACILITIES,https://www.spectrumcentercharlotte.com/,,,TIME WARNER CABLE ARENA,2011-06-01,1,2,50,Salesforce
Sterling Commerce,SCC_4530,316,822,TOYOTA CENTER,1510 POLK STREET,HOUSTON,TX,77002,,(713) 758-7200,SINGLE USE,OPEN,18300,HARRIS,48201,USA,29.75078002,-95.36218005,711310,PROMOTERS OF PERFORMING ARTS SPORTS AND SIMILAR EVENTS WITH FACILITIES,http://www.houstontoyotacenter.com/,,,,2010-11-01,1,4,25,Salesforce
Sterling Commerce,SCC_1262,317,823,PALACE OF AUBURN HILLS,2 CHAMPIONSHIP DRIVE,AUBURN HILLS,MI,48326,,(248) 377-0100,OTHER,CLOSED,22076,OAKLAND,26125,USA,42.69710989,-83.2456597,711310,PROMOTERS OF PERFORMING ARTS SPORTS AND SIMILAR EVENTS WITH FACILITIES,http://www.palacenet.com/,,,,2012-04-01,1,3,33,Salesforce
Sterling Commerce,SCC_2402,319,825,CHESAPEAKE ENERGY ARENA,100 WEST RENO AVENUE,OKLAHOMA CITY,OK,73102,,(405) 602-8700,SINGLE USE,OPEN,18203,OKLAHOMA,40109,USA,35.46348547,-97.51502008,711310,PROMOTERS OF PERFORMING ARTS SPORTS AND SIMILAR EVENTS WITH FACILITIES,http://www.chesapeakearena.com/,,,,2011-02-01,1,3,33,Salesforce
Sterling Commerce,SCC_3947,320,361,SCOTIABANK ARENA,40 BAY STREET,TORONTO,ON,M5J 2X2,,(416) 815-5500,MULTIUSE,OPEN,19800,TORONTO,3520005,CAN,43.64341547,-79.37902354,711310,PROMOTERS OF PERFORMING ARTS SPORTS AND SIMILAR EVENTS WITH FACILITIES,https://www.scotiabankarena.com/,ACC,THE HANGAR,AIR CANADA CENTRE,2018-08-01,1,2,50,Salesforce
Sterling Commerce,SCC_1192,323,829,CAMERON INDOOR STADIUM,115 WHITFORD DR,DURHAM,NC,27708,,(919) 684-2633,SINGLE USE,OPEN,9314,DURHAM,37063,USA,35.99742662,-78.94226785,711310,PROMOTERS OF PERFORMING ARTS SPORTS AND SIMILAR EVENTS WITH FACILITIES,http://www.goduke.com/ViewArticle.dbml?ATCLID=218099,,,,2017-10-01,1,2,50,Salesforce
Sterling Commerce,SCC_1005,331,837,LITTLEJOHN COLISEUM,CENTENNIAL BOULEVARD AND RAVENAL ROAD,CLEMSON,SC,29634,,(864) 656-0619,SINGLE USE,OPEN,10000,PICKENS,45077,USA,34.68038946,-82.84650836,711310,PROMOTERS OF PERFORMING ARTS SPORTS AND SIMILAR EVENTS WITH FACILITIES,http://clemsontigers.com/sports/w-basketball/facilities/littlejohn-coliseum/,J.C. LITTLEJOHN COLISEUM,,,2012-05-01,1,2,50,Salesforce
Sterling Commerce,SCC_3732,340,846,SEFCU ARENA,1400 WASHINGTON AVENUE,ALBANY,NY,12206,,(518) 442-2562,SINGLE USE,OPEN,4538,ALBANY,56001,USA,42.68197686,-73.82848152,711310,PROMOTERS OF PERFORMING ARTS SPORTS AND SIMILAR EVENTS WITH FACILITIES,http://www.ualbanysports.com/ViewArticle.dbml?ATCLID=205235596,,,,2010-03-01,1,3,33,Salesforce
Sterling Commerce,SCC_4106,344,850,HAGAN ARENA,2450 NORTH 54TH STREET,PHILADELPHIA,PA,19131,,,SINGLE USE,OPEN,4200,PHILADELPHIA,42101,USA,39.99533652,-75.2348279,711310,PROMOTERS OF PERFORMING ARTS SPORTS AND SIMILAR EVENTS WITH FACILITIES,http://www.sjuhawks.com/ViewArticle.dbml?DB_OEM_ID=31200&ATCLID=208884422,MICHAEL J. HAGAN '85 ARENA,,ALUMNI MEMORIAL FIELDHOUSE,2013-01-01,1,2,50,Salesforce
Sterling Commerce,SCC_1209,346,852,CHARLES E. SMITH ATHLETIC CENTER,600 22ND STREET NW,WASHINGTON,DC,20037,,(202) 994-6650,SINGLE USE,OPEN,5000,DISTRICT OF COLUMBIA,11001,USA,38.8978,-77.04933999,711310,PROMOTERS OF PERFORMING ARTS SPORTS AND SIMILAR EVENTS WITH FACILITIES,https://gwsports.com/sports/2018/7/23/facilities-gewa-baskbl-facility-html.aspx,SMITH CENTER,,,2018-01-01,1,4,25,Salesforce
Sterling Commerce,SCC_2622,347,853,CINTAS CENTER,1624 HERALD AVENUE,CINCINNATI,OH,45207,,(513) 745-3900,SINGLE USE,OPEN,10250,HAMILTON,20075,USA,39.15018146,-84.47191266,711310,PROMOTERS OF PERFORMING ARTS SPORTS AND SIMILAR EVENTS WITH FACILITIES,http://www.cintascenter.com/,,,,2017-08-01,1,3,33,Salesforce
Sterling Commerce,SCC_3339,348,854,LIACOURAS CENTER,1776 NORTH BROAD STREET,PHILADELPHIA,PA,19122,,(215) 204-2400,SINGLE USE,OPEN,10206,PHILADELPHIA,42101,USA,39.97985455,-75.15862926,711310,PROMOTERS OF PERFORMING ARTS SPORTS AND SIMILAR EVENTS WITH FACILITIES,http://www.liacourascenter.com/,,,,2019-09-01,1,2,50,Salesforce
Sterling Commerce,SCC_1187,351,857,ROSE HILL GYMNASIUM,441 EAST FORDHAM ROAD,BRONX,NY,10458,,,SINGLE USE,OPEN,3200,BRONX,36005,USA,40.862181,-73.8838526,711310,PROMOTERS OF PERFORMING ARTS SPORTS AND SIMILAR EVENTS WITH FACILITIES,https://fordhamsports.com/sports/2013/7/17/GEN_0717130925.aspx?path=mbball,,,,2016-08-01,1,2,50,Salesforce
Sterling Commerce,SCC_1624,352,858,CHAIFETZ ARENA,1 SOUTH COMPTON AVENUE,SAINT LOUIS,MO,63103,,(314) 977-5000,SINGLE USE,OPEN,10600,SAINT LOUIS,29510,USA,38.63250554,-90.22791686,711310,PROMOTERS OF PERFORMING ARTS SPORTS AND SIMILAR EVENTS WITH FACILITIES,http://www.thechaifetzarena.com/,,,,2018-06-01,1,2,50,Salesforce
Sterling Commerce,SCC_3920,353,859,THOMAS M. RYAN CENTER,1 LINCOLN ALMOND PLAZA,KINGSTON,RI,2881,,(401) 788-3200,SINGLE USE,OPEN,7657,WASHINGTON,48477,USA,41.48771558,-71.53568659,711310,PROMOTERS OF PERFORMING ARTS SPORTS AND SIMILAR EVENTS WITH FACILITIES,http://www.theryancenter.com/,RYAN CENTER,,,2019-11-01,1,2,50,Salesforce
Sterling Commerce,SCC_1949,357,863,ALLEN ARENA,1 UNIVERSITY PARK DRIVE,NASHVILLE,TN,37215,,(615) 966-1000,SINGLE USE,OPEN,5028,DAVIDSON,47037,USA,36.10370683,-86.7989268,711310,PROMOTERS OF PERFORMING ARTS SPORTS AND SIMILAR EVENTS WITH FACILITIES,http://www.lipscombsports.com/facilities/allenarena/,THE ARENA,,,2010-08-01,1,4,25,Salesforce
Sterling Commerce,SCC_1046,358,864,JOHN W. POPE JR. CONVOCATION CENTER,LESLIE CAMPBELL AVENUE AND MAIN STREET,BUIES CREEK,NC,27506,,(910) 893-1200,SINGLE USE,OPEN,3095,HARNETT,37085,USA,35.40781514,-78.73681656,711310,PROMOTERS OF PERFORMING ARTS SPORTS AND SIMILAR EVENTS WITH FACILITIES,https://gocamels.com/sports/2017/7/14/facilities-GoreArena.aspx,THE CONVOCATION CENTER,,,2019-11-01,1,4,25,Salesforce
Sterling Commerce,SCC_2501,359,865,KSU CONVOCATION CENTER,590 COBB AVENUE,KENNESAW,GA,30144,,(470) 578-6252,SINGLE USE,OPEN,4600,COBB,13067,USA,34.03687357,-84.58037714,711310,PROMOTERS OF PERFORMING ARTS SPORTS AND SIMILAR EVENTS WITH FACILITIES,https://ksuowls.com/sports/2012/7/18/GEN_0718122242.aspx?tab=ksuconvocationcenter,CONVOCATION CENTER,,,2012-03-01,1,2,50,Salesforce
Sterling Commerce,SCC_4526,360,866,CURB EVENT CENTER,2002 BELMONT BOULEVARD,NASHVILLE,TN,37212,,,SINGLE USE,OPEN,5085,DAVIDSON,47037,USA,36.13228103,-86.794575,711310,PROMOTERS OF PERFORMING ARTS SPORTS AND SIMILAR EVENTS WITH FACILITIES,http://belmont.prestosports.com/information/facilities/cec,CEC,,,2011-09-01,1,2,50,Salesforce
Sterling Commerce,SCC_4843,365,871,UNF ARENA,11852 UNIVERSITY OF NORTH FLORIDA DRIVE,JACKSONVILLE,FL,32224,,(904) 620-2999,SINGLE USE,OPEN,5800,DUVAL,48131,USA,30.27347173,-81.50798724,711310,PROMOTERS OF PERFORMING ARTS SPORTS AND SIMILAR EVENTS WITH FACILITIES,https://unfospreys.com/sports/2007/11/14/facilitiesarena.aspx?,,,,2013-12-01,1,2,50,Salesforce
Sterling Commerce,SCC_4122,366,872,HAWKINS ARENA,ADAMS STREET AND EDGEWOOD AVENUE,MACON,GA,31207,,(478) 301-5470,SINGLE USE,OPEN,3200,BIBB,13021,USA,32.82963001,-83.65102999,711310,PROMOTERS OF PERFORMING ARTS SPORTS AND SIMILAR EVENTS WITH FACILITIES,http://uc.mercer.edu/,,,UNIVERSITY CENTER,2017-01-01,1,4,25,Salesforce
Sterling Commerce,SCC_3369,368,874,PINNACLE BANK ARENA,400 PINNACLE ARENA DRIVE,LINCOLN,NE,68508,,(402) 904-4444,SINGLE USE,OPEN,14970,LANCASTER,31109,USA,40.817934,-96.712628,711310,PROMOTERS OF PERFORMING ARTS SPORTS AND SIMILAR EVENTS WITH FACILITIES,https://www.pinnaclebankarena.com/,,,,2018-05-01,1,2,50,Salesforce
Sterling Commerce,SCC_3658,372,878,FRED BRAMLAGE COLISEUM,1800 COLLEGE AVENUE,MANHATTAN,KS,66502,,(785) 532-7600,SINGLE USE,OPEN,12528,RILEY,20161,USA,39.20033962,-96.59380331,711310,PROMOTERS OF PERFORMING ARTS SPORTS AND SIMILAR EVENTS WITH FACILITIES,http://www.kstatesports.com/sports/2015/6/19/_131476205118409978.aspx,,,,2016-12-01,1,3,33,Salesforce
Sterling Commerce,SCC_3915,375,881,LLOYD NOBLE CENTER,2900 JENKINS AVENUE,NORMAN,OK,73072,,(405) 325-4666,SINGLE USE,OPEN,11528,CLEVELAND,40027,USA,35.1873343,-97.44428879,711310,PROMOTERS OF PERFORMING ARTS SPORTS AND SIMILAR EVENTS WITH FACILITIES,https://www.lloydnoblecenter.com/,,,,2014-10-01,1,3,33,Salesforce
Sterling Commerce,SCC_4464,380,886,ALUMNI ARENA,175 WEBSTER ROAD,AMHERST,NY,14221,,(716) 645-2286,SINGLE USE,OPEN,6100,ERIE,39043,USA,42.99988001,-78.78133,711310,PROMOTERS OF PERFORMING ARTS SPORTS AND SIMILAR EVENTS WITH FACILITIES,http://www.ubbulls.com/facilities/alumni_arena,,,,2017-12-01,1,3,33,Salesforce
Sterling Commerce,SCC_3908,382,888,JOHN E. WORTHEN ARENA,1699 W. WEST BETHEL AVENUE,MUNCIE,IN,47304,,(765) 285-8708,SINGLE USE,OPEN,11500,DELAWARE,19055,USA,40.20709781,-85.40606794,711310,PROMOTERS OF PERFORMING ARTS SPORTS AND SIMILAR EVENTS WITH FACILITIES,https://ballstatesports.com/sports/2009/8/21/204779309.aspx,,,,2016-10-01,1,4,25,Salesforce
Sterling Commerce,SCC_4039,383,889,ATHLETICS-RECREATION CENTER,1009 UNION STREET,VALPARAISO,IN,46383,,(219) 464-5211,SINGLE USE,OPEN,5000,PORTER,18127,USA,41.46445723,-87.04842398,711310,PROMOTERS OF PERFORMING ARTS SPORTS AND SIMILAR EVENTS WITH FACILITIES,http://www.valpoathletics.com/facilities/reccenter/#.VLUvnph0xaQ,,,,2010-04-01,1,2,50,Salesforce
Sterling Commerce,SCC_2871,384,890,CARVER ARENA,201 SW JEFFERSON STREET,PEORIA,IL,61602,,(309) 673-8900,SINGLE USE,OPEN,11060,PEORIA,17143,USA,40.69182957,-89.59360087,711310,PROMOTERS OF PERFORMING ARTS SPORTS AND SIMILAR EVENTS WITH FACILITIES,https://bradleybraves.com/sports/2016/6/16/carver.aspx?id=938,PEORIA CIVIC CENTER,,,2016-07-01,1,4,25,Salesforce
Sterling Commerce,SCC_3012,386,892,CLUNE ARENA,2169 FIELDHOUSE DRIVE,COLORADO SPRINGS,CO,80840,,(719) 333-4032,SINGLE USE,OPEN,5858,EL PASO,48141,USA,39.01371003,-104.8837,711310,PROMOTERS OF PERFORMING ARTS SPORTS AND SIMILAR EVENTS WITH FACILITIES,https://goairforcefalcons.com/sports/2018/6/21/facilities-clune-arena-html.aspx,CADET FIELD HOUSE,,,2014-09-01,1,4,25,Salesforce
Sterling Commerce,SCC_4150,389,362,ALLSTATE ARENA,6920 MANNHEIN ROAD,ROSEMONT,IL,60018,,(847) 635-6601,OTHER,OPEN,18500,COOK,27031,USA,42.00527,-87.88778,711310,PROMOTERS OF PERFORMING ARTS SPORTS AND SIMILAR EVENTS WITH FACILITIES,https://www.rosemont.com/allstate/,,,,2011-08-01,1,2,50,Salesforce
Sterling Commerce,SCC_4706,393,899,ALEX G. SPANOS CENTER,1178 LARRY HELLER DRIVE,STOCKTON,CA,95211,,(209) 946-2472,SINGLE USE,OPEN,6150,SAN JOAQUIN,6077,USA,37.97663497,-121.3150774,711310,PROMOTERS OF PERFORMING ARTS SPORTS AND SIMILAR EVENTS WITH FACILITIES,http://www.pacifictigers.com/information/facilities/spanos/index,,,,2016-05-01,1,4,25,Salesforce
Sterling Commerce,SCC_3324,397,903,ALUMNI GYMNASIUM,2083 LAWRENCEVILLE ROAD,LAWRENCEVILLE,NJ,8648,,(609) 896-5054,SINGLE USE,OPEN,1650,MERCER,38057,USA,40.27888812,-74.73541054,711310,PROMOTERS OF PERFORMING ARTS SPORTS AND SIMILAR EVENTS WITH FACILITIES,https://gobroncs.com/sports/2013/1/24/205337332.aspx,,,,2017-10-01,1,3,33,Salesforce
Sterling Commerce,SCC_1343,398,904,WEBSTER BANK ARENA,600 MAIN STREET,BRIDGEPORT,CT,6604,,(203) 345-2300,SINGLE USE,OPEN,10000,FAIRFIELD,45039,USA,41.17326999,-73.18708994,711310,PROMOTERS OF PERFORMING ARTS SPORTS AND SIMILAR EVENTS WITH FACILITIES,http://www.websterbankarena.com/,ARENA AT HARBOR YARD,,ARENA AT HARBOR YARD,2013-03-01,1,2,50,Salesforce
Sterling Commerce,SCC_1083,399,905,ALUMNI COLISEUM,KIT CARSON DRIVE AND PARK DRIVE,RICHMOND,KY,40475,,(859) 622-1253,SINGLE USE,OPEN,6500,MADISON,30057,USA,37.7373076,-84.30130987,711310,PROMOTERS OF PERFORMING ARTS SPORTS AND SIMILAR EVENTS WITH FACILITIES,https://ekusports.com/sports/2014/2/18/MBBALL_0218145418.aspx,,,,2012-04-01,1,4,25,Salesforce
Sterling Commerce,SCC_2183,402,908,WELLS FARGO ARENA,600 EAST VETERANS WAY,TEMPE,AZ,85281,,(480) 965-3482,SINGLE USE,OPEN,14198,MARICOPA,4013,USA,33.42448978,-111.930933,711310,PROMOTERS OF PERFORMING ARTS SPORTS AND SIMILAR EVENTS WITH FACILITIES,https://tours.asu.edu/tempe/wells-fargo-arena,,,,2015-09-01,1,4,25,Salesforce
Sterling Commerce,SCC_2800,404,910,ALUMNI HALL,DECATUR ROAD AND MCNAIR ROAD,ANNAPOLIS,MD,21402,,(410) 757-3093,SINGLE USE,OPEN,5710,ANNE ARUNDEL,24003,USA,38.9845185,-76.48780678,711310,PROMOTERS OF PERFORMING ARTS SPORTS AND SIMILAR EVENTS WITH FACILITIES,https://navysports.com/sports/2018/5/23/facilities-alumni-hall-html.aspx,,,,2012-08-01,1,4,25,Salesforce
Sterling Commerce,SCC_3490,407,913,BUD WALTON ARENA,1207 LEROY POND DRIVE,FAYETTEVILLE,AR,73701,,(479) 575-8618,SINGLE USE,OPEN,19368,WASHINGTON,48477,USA,36.06156233,-94.17819376,711310,PROMOTERS OF PERFORMING ARTS SPORTS AND SIMILAR EVENTS WITH FACILITIES,http://www.arkansasrazorbacks.com/bud-walton-arena/,,,,2017-12-01,1,2,50,Salesforce
Sterling Commerce,SCC_4044,408,914,ALUMNI GYM,WEST HAGGARD AVENUE AND NORTH WILLIAMSON AVENUE,ELON,NC,27244,,,SINGLE USE,OPEN,1607,ALAMANCE,37001,USA,36.10349766,-79.505321,711310,PROMOTERS OF PERFORMING ARTS SPORTS AND SIMILAR EVENTS WITH FACILITIES,https://elonphoenix.com/sports/2010/8/16/Fac_0816103912.aspx?id=38,KOURY ATHLETIC CENTER,,,2015-01-01,1,3,33,Salesforce
Sterling Commerce,SCC_3777,412,918,DAVEY WHITNEY COMPLEX,1000 ASU DRIVE,ALCORN,MS,39096,,,SINGLE USE,OPEN,7000,CLAIBORNE,28021,USA,31.87326997,-91.13325993,711310,PROMOTERS OF PERFORMING ARTS SPORTS AND SIMILAR EVENTS WITH FACILITIES,https://alcornsports.com/sports/2015/3/5/GEN_0305153532.aspx,,,,2018-11-01,1,3,33,Salesforce
Sterling Commerce,SCC_1415,413,919,DUNN-OLIVER ACADOME,SOUTH UNIVERSITY DRIVE AND ROBERT C. HATCH DRIVE,MONTGOMERY,AL,36106,,,SINGLE USE,OPEN,7400,MONTGOMERY,20125,USA,32.36182027,-86.29318998,711310,PROMOTERS OF PERFORMING ARTS SPORTS AND SIMILAR EVENTS WITH FACILITIES,https://bamastatesports.com/sports/2012/6/18/MBB_0618123941.aspx?tab=dunn-oliveracadome,,,,2019-06-01,1,3,33,Salesforce
Sterling Commerce,SCC_1368,414,920,KENNETH L. JOHNSON COMPLEX,1542 L. A. PREXY DAVIS DRIVE,PINE BLUFF,AR,71601,,,SINGLE USE,OPEN,4500,JEFFERSON,22051,USA,34.24595984,-92.02405922,711310,PROMOTERS OF PERFORMING ARTS SPORTS AND SIMILAR EVENTS WITH FACILITIES,http://uapblionsroar.com/index.aspx,HUBERT O. CLEMMONS BASKETBALL ARENA,,,2015-02-01,1,4,25,Salesforce
Sterling Commerce,SCC_2356,416,922,TACO BELL ARENA,1910 UNIVERSITY DRIVE,BOISE,ID,83725,,(208) 426-1900,SINGLE USE,OPEN,12380,ADA,16001,USA,43.60356119,-116.1988172,711310,PROMOTERS OF PERFORMING ARTS SPORTS AND SIMILAR EVENTS WITH FACILITIES,http://tacobellarena.com/,,,BSU PAVILION,2010-03-01,1,3,33,Salesforce
Sterling Commerce,SCC_2759,418,924,AGGANIS ARENA,925 COMMONWEALTH AVENUE,BOSTON,MA,2215,,(617) 358-7000,SINGLE USE,OPEN,7200,SUFFOLK,25025,USA,42.35224942,-71.11776324,711310,PROMOTERS OF PERFORMING ARTS SPORTS AND SIMILAR EVENTS WITH FACILITIES,http://www.agganisarena.com/,,,,2016-12-01,1,2,50,Salesforce
Sterling Commerce,SCC_1301,421,927,GALLAGHER CENTER,2009 NIAGARA UNIVERSITY,NIAGARA FALLS,NY,14109,,,SINGLE USE,OPEN,2400,NIAGARA,36063,USA,43.13711477,-79.03803883,711310,PROMOTERS OF PERFORMING ARTS SPORTS AND SIMILAR EVENTS WITH FACILITIES,https://purpleeagles.com/sports/2011/8/1/GallagherCenter.aspx?&tab=5,JOHN J. GALLAGHER CENTER,,,2010-12-01,1,3,33,Salesforce
Sterling Commerce,SCC_1353,422,928,KOESSLER ATHLETIC CENTER,2001 MAIN STREET,BUFFALO,NY,14208,,(716) 888-2950,SINGLE USE,OPEN,2196,ERIE,39043,USA,42.92098,-78.85764999,711310,PROMOTERS OF PERFORMING ARTS SPORTS AND SIMILAR EVENTS WITH FACILITIES,https://gogriffs.com/sports/2008/6/27/1498522.aspx#kac,,,,2019-07-01,1,3,33,Salesforce
Sterling Commerce,SCC_4966,423,929,CONVOCATION CENTER (MICHIGAN),799 NORTH HEWITT ROAD,YPSILANTI,MI,48197,,(734) 487-2282,SINGLE USE,OPEN,8824,WASHTENAW,26161,USA,42.25423678,-83.64743434,711310,PROMOTERS OF PERFORMING ARTS SPORTS AND SIMILAR EVENTS WITH FACILITIES,https://www.emich.edu/bookemu/venues/convocation/index.php,EMU CONVOCATION CENTER,,,2010-01-01,1,4,25,Salesforce
Sterling Commerce,SCC_2929,427,933,HAMPTON CONVOCATION CENTER,100 E QUEEN ST,HAMPTON,VA,23668,,(757) 728-6832,SINGLE USE,OPEN,7200,HAMPTON,51650,USA,37.01984776,-76.33101038,711310,PROMOTERS OF PERFORMING ARTS SPORTS AND SIMILAR EVENTS WITH FACILITIES,http://hucc.hamptonu.edu/,,,,2018-11-01,1,3,33,Salesforce
Sterling Commerce,SCC_4202,432,938,AMERICA FIRST EVENTS CENTER,351 WEST CENTER STREET,CEDAR CITY,UT,84720,,(435) 586-7872,SINGLE USE,OPEN,5300,IRON,49021,USA,37.67551835,-113.0729361,711310,PROMOTERS OF PERFORMING ARTS SPORTS AND SIMILAR EVENTS WITH FACILITIES,https://suutbirds.com/sports/2007/11/1/1302653.aspx,,,CENTRUM ARENA,2018-02-01,1,2,50,Salesforce
Sterling Commerce,SCC_1276,434,940,CHARLES KOCH ARENA,1845 FAIRMOUNT STREET,WICHITA,KS,67260,,(316) 978-3267,SINGLE USE,OPEN,10506,SEDGWICK,8115,USA,37.72172309,-97.29744556,711310,PROMOTERS OF PERFORMING ARTS SPORTS AND SIMILAR EVENTS WITH FACILITIES,https://goshockers.com/sports/2015/4/29/Charles_Koch_Arena_Facility.aspx?id=1,THE ROUNDHOUSE,,,2013-06-01,1,3,33,Salesforce
Sterling Commerce,SCC_3528,435,941,HULMAN ARENA,200 NORTH 8TH STREET,TERRE HAUTE,IN,47807,,(812) 237-3737,SINGLE USE,OPEN,10200,VIGO,18167,USA,39.46858004,-87.40524002,711310,PROMOTERS OF PERFORMING ARTS SPORTS AND SIMILAR EVENTS WITH FACILITIES,http://hulmancenter.org/,,,,2011-04-01,1,4,25,Salesforce
Sterling Commerce,SCC_3976,439,945,ED & RAE SCHOLLMAIER ARENA,2900 STADIUM DRIVE,FORT WORTH,TX,76109,,,SINGLE USE,OPEN,6800,TARRANT,48439,USA,32.70882647,-97.36671429,711310,PROMOTERS OF PERFORMING ARTS SPORTS AND SIMILAR EVENTS WITH FACILITIES,https://gofrogs.com/sports/2018/7/13/facilities-tcu-facilities-basketball-html.aspx,,,DANIEL-MEYER COLISEUM,2019-07-01,1,4,25,Salesforce
Sterling Commerce,SCC_1711,443,949,DETRICK GYMNASIUM,1615 STANLEY ST,NEW BRITAIN,CT,6053,,,SINGLE USE,OPEN,3200,HARTFORD,9003,USA,41.69316444,-72.7650488,711310,PROMOTERS OF PERFORMING ARTS SPORTS AND SIMILAR EVENTS WITH FACILITIES,http://www.ccsubluedevils.com/facilities/detrick/index,WILLIAM H. DETRICK GYMNASIUM,,,2017-07-01,1,3,33,Salesforce
Sterling Commerce,SCC_1053,445,951,CHILES CENTER,5000 N WILLAMETTE BLVD,PORTLAND,OR,97203,,(503) 943-7525,SINGLE USE,OPEN,4852,MULTNOMAH,41051,USA,45.57512077,-122.7285671,711310,PROMOTERS OF PERFORMING ARTS SPORTS AND SIMILAR EVENTS WITH FACILITIES,https://portlandpilots.com/sports/2008/8/11/MBB_0811084643.aspx,EARLE A. & VIRGINIA H. CHILES CENTER,,,2017-06-01,1,2,50,Salesforce
Sterling Commerce,SCC_2685,449,955,FLEISHER CENTER,80 LOCK STREET,NEWARK,NJ,7103,,,OTHER,OPEN,1500,ESSEX,25009,USA,40.7431,-74.17987001,711310,PROMOTERS OF PERFORMING ARTS SPORTS AND SIMILAR EVENTS WITH FACILITIES,http://www.njithighlanders.com/sports/2008/8/27/directions.aspx?tab=facilties,ESTELLE AND ZOOM FLEISHER ATHLETIC CENTER,,,2014-07-01,1,3,33,Salesforce
Sterling Commerce,SCC_1476,456,963,BRICK BREEDEN FIELDHOUSE,1 BOBCAT CIRCLE,BOZEMAN,MT,59715,,(406) 994-7117,SINGLE USE,OPEN,7250,GALLATIN,30031,USA,45.6633068,-111.0505727,711310,PROMOTERS OF PERFORMING ARTS SPORTS AND SIMILAR EVENTS WITH FACILITIES,http://brickbreeden.com/,WORTHINGTON ARENA,,,2013-08-01,1,3,33,Salesforce
Sterling Commerce,SCC_4838,457,964,BANK OF COLORADO ARENA,14TH AVENUE AND 21ST STREET,GREELY,CO,80631,,(970) 351-1890,SINGLE USE,OPEN,5000,WELD,8123,USA,40.4022472,-104.7030496,711310,PROMOTERS OF PERFORMING ARTS SPORTS AND SIMILAR EVENTS WITH FACILITIES,https://uncbears.com/news/2014/11/14/GEN_1114145219.aspx,,,BUTLER-HANCOCK SPORTS PAVILION,2011-01-01,1,4,25,Salesforce
Sterling Commerce,SCC_1718,459,966,DEE EVENTS CENTER,4444 HARRISON BOULEVARD,OGDEN,UT,84408,,(801) 626-8500,SINGLE USE,OPEN,11592,WEBER,49057,USA,41.1823939,-111.944973,711310,PROMOTERS OF PERFORMING ARTS SPORTS AND SIMILAR EVENTS WITH FACILITIES,https://static.weberstatesports.com/custompages/facilities/dee-events-center.html,,,,2018-10-01,1,3,33,Salesforce
Sterling Commerce,SCC_4062,460,967,HORNETS NEST,MORAGA WAY AND STATE UNIVERSITY DRIVE,SACRAMENTO,CA,95819,,,SINGLE USE,OPEN,1012,SACRAMENTO,6067,USA,38.56186242,-121.426895,711310,PROMOTERS OF PERFORMING ARTS SPORTS AND SIMILAR EVENTS WITH FACILITIES,http://www.hornetsports.com/information/facilities/The_Nest,COLBERG COURT,,,2016-03-01,1,3,33,Salesforce
Sterling Commerce,SCC_4490,461,968,WALKUP SKYDOME,EAST MCCONNELL DRIVE AND SAN FRANCISCO STREET,FLAGSTAFF,AZ,86001,,(928) 523-3449,SINGLE USE,OPEN,10000,COCONINO,4005,USA,35.18051176,-111.6529532,711310,PROMOTERS OF PERFORMING ARTS SPORTS AND SIMILAR EVENTS WITH FACILITIES,https://nauathletics.com/sports/2017/5/30/information-facilities-skydome.aspx,J. LAWRENCE WALKUP SKYDOME,,,2015-03-01,1,3,33,Salesforce
Sterling Commerce,SCC_1123,463,970,CSU FIELDHOUSE,UNIVERSITY BOULEVARD,CHARLESTON,SC,29401,,,SINGLE USE,OPEN,881,CHARLESTON,45019,USA,32.9808319,-80.06712238,711310,PROMOTERS OF PERFORMING ARTS SPORTS AND SIMILAR EVENTS WITH FACILITIES,http://www.csusports.com/information/buc_dome,THE BUC DOME,,,2011-06-01,1,4,25,Salesforce
Sterling Commerce,SCC_2384,466,973,CRISLER CENTER,333 EAST STADIUM BOULEVARD,ANN ARBOR,MI,48109,,(734) 763-0750,SINGLE USE,OPEN,12707,WASHTENAW,26161,USA,42.2650055,-83.74654893,711310,PROMOTERS OF PERFORMING ARTS SPORTS AND SIMILAR EVENTS WITH FACILITIES,https://mgoblue.com/sports/2017/6/16/facilities-crisler-center-html.aspx,,,CRISLER ARENA,2016-05-01,1,3,33,Salesforce
Sterling Commerce,SCC_3156,467,974,MACKEY ARENA,1000 JOHN R. WOODEN DR WEST,WEST LAFAYETTE,IN,47907,,(800) 497-7678,SINGLE USE,OPEN,14222,TIPPECANOE,18157,USA,40.43332993,-86.9161357,711310,PROMOTERS OF PERFORMING ARTS SPORTS AND SIMILAR EVENTS WITH FACILITIES,https://purduesports.com/facilities/?id=2,GUY MACKEY ARENA,,,2018-04-01,1,2,50,Salesforce
Sterling Commerce,SCC_2656,468,975,JACK BRESLIN STUDENT EVENT CENTER,534 BIRCH ROAD,EAST LANSING,MI,48823,,(517) 432-1989,SINGLE USE,OPEN,15085,INGHAM,26065,USA,42.72819636,-84.49244223,711310,PROMOTERS OF PERFORMING ARTS SPORTS AND SIMILAR EVENTS WITH FACILITIES,http://breslincenter.com/,,,,2015-07-01,1,3,33,Salesforce
Sterling Commerce,SCC_1588,469,976,BRYCE JORDAN CENTER,127 BYCE JORDAN CENTER,STATE COLLEGE,PA,16802,,(814) 863-5500,SINGLE USE,OPEN,15261,CENTRE,42027,USA,40.80866106,-77.85559317,711310,PROMOTERS OF PERFORMING ARTS SPORTS AND SIMILAR EVENTS WITH FACILITIES,https://bjc.psu.edu/,JORDAN CENTER,,,2019-12-01,1,2,50,Salesforce
Sterling Commerce,SCC_1560,472,979,BOB CARPENTER SPORTS/CONVOCATION CENTER,210 S COLLEGE AVE,NEWARK,DE,19702,,(302) 831-4507,SINGLE USE,OPEN,5000,NEW CASTLE,10003,USA,39.66042002,-75.74867999,711310,PROMOTERS OF PERFORMING ARTS SPORTS AND SIMILAR EVENTS WITH FACILITIES,https://bluehens.com/news/2013/8/31/209247928.aspx,,,,2014-04-01,1,2,50,Salesforce
Sterling Commerce,SCC_2034,476,983,DASKALAKIS ATHLETIC CENTER,33RD STREET AND MARKET STREET,PHILADELPHIA,PA,19104,,(215) 571-3777,SINGLE USE,OPEN,2532,PHILADELPHIA,42101,USA,39.95635083,-75.19062993,711310,PROMOTERS OF PERFORMING ARTS SPORTS AND SIMILAR EVENTS WITH FACILITIES,https://drexel.edu/recathletics/facilities/dac/,JOHN A. DASKALAKIS ATHLETIC CENTER,,,2018-09-01,1,2,50,Salesforce
Sterling Commerce,SCC_4833,479,986,CAM HENDERSON CENTER,19TH STREET AND 3RD AVENUE,HUNTINGTON,WV,25703,,,SINGLE USE,OPEN,9048,CABELL,54011,USA,38.42443572,-82.42508461,711310,PROMOTERS OF PERFORMING ARTS SPORTS AND SIMILAR EVENTS WITH FACILITIES,https://herdzone.com/sports/2018/6/11/facilities-henderson-center-html.aspx,,,,2013-08-01,1,3,33,Salesforce
Sterling Commerce,SCC_2988,480,987,DON HASKINS CENTER,500 WEST UNIVERSITY AVENUE,EL PASO,TX,79902,,(915) 747-5481,SINGLE USE,OPEN,12000,EL PASO,48141,USA,31.77758055,-106.5056993,711310,PROMOTERS OF PERFORMING ARTS SPORTS AND SIMILAR EVENTS WITH FACILITIES,http://www.utepspecialevents.com/venues/don_haskins_center,,,,2019-02-01,1,4,25,Salesforce
Sterling Commerce,SCC_2664,484,991,FERTITTA CENTER,3875 HOLMAN STREET,HOUSTON,TX,77004,,(713) 743-9450,SINGLE USE,OPEN,8479,HARRIS,48201,USA,29.72469234,-95.34702494,711310,PROMOTERS OF PERFORMING ARTS SPORTS AND SIMILAR EVENTS WITH FACILITIES,https://uhcougarpride.com/fertittacenter/index.html,GUY V. LEWIS COURT,,HOFHEINZ PAVILION,2014-02-01,1,2,50,Salesforce
Sterling Commerce,SCC_1358,486,993,CALIHAN HALL,4001 W. MCNICHOLS RD,DETROIT,MI,48221,,,SINGLE USE,OPEN,8837,WAYNE,49055,USA,42.41435789,-83.13597753,711310,PROMOTERS OF PERFORMING ARTS SPORTS AND SIMILAR EVENTS WITH FACILITIES,https://detroittitans.com/sports/2008/11/11/GEN_1111084603.aspx,,,,2013-02-01,1,3,33,Salesforce
Sterling Commerce,SCC_4072,487,994,NUTTER CENTER,3640 COLONEL GLENN HIGHWAY,DAYTON,OH,45324,,(937) 775-3498,SINGLE USE,OPEN,11200,GREEN,55045,USA,39.78218002,-84.05241998,711310,PROMOTERS OF PERFORMING ARTS SPORTS AND SIMILAR EVENTS WITH FACILITIES,http://www.nuttercenter.com/,ERWIN J. NUTTER CENTER,,,2012-10-01,1,2,50,Salesforce
Sterling Commerce,SCC_4269,490,997,SCHEELS CENTER,1600 UNIVERSITY DRIVE N,FARGO,ND,58102,,(701) 231-6378,SINGLE USE,OPEN,5830,CASS,27021,USA,46.90039,-96.79877002,711310,PROMOTERS OF PERFORMING ARTS SPORTS AND SIMILAR EVENTS WITH FACILITIES,https://gobison.com/facilities/?id=37,,,BISON SPORTS ARENA,2016-01-01,1,3,33,Salesforce
Sterling Commerce,SCC_1061,491,998,FROST ARENA,16TH AVENUE AND 11TH STREET,BROOKINGS,SD,57006,,(605) 688-6388,SINGLE USE,OPEN,6500,BROOKINGS,46011,USA,44.31797408,-96.7793,711310,PROMOTERS OF PERFORMING ARTS SPORTS AND SIMILAR EVENTS WITH FACILITIES,https://gojacks.com/facilities/?id=6,,,,2010-11-01,1,2,50,Salesforce
Sterling Commerce,SCC_1565,492,999,WILLET HALL,REDFORD STREET AND SPRUCE STREET,FARMVILLE,VA,23901,,,SINGLE USE,OPEN,1807,PRINCE EDWARD,51147,USA,37.29741003,-78.39577002,711310,PROMOTERS OF PERFORMING ARTS SPORTS AND SIMILAR EVENTS WITH FACILITIES,https://longwoodlancers.com/sports/2006/9/8/willetthall.aspx?id=462,HENRY I. WILLET JR. HALL,,,2016-08-01,1,2,50,Salesforce
Sterling Commerce,SCC_1502,503,1010,HOOPER EBLEN CENTER,WEST 12TH STREET AND NORTH WILLOW AVENUE,COOKSVILLE,TN,38501,,,SINGLE USE,OPEN,10152,PUTNAM,29171,USA,36.17839453,-85.50997141,711310,PROMOTERS OF PERFORMING ARTS SPORTS AND SIMILAR EVENTS WITH FACILITIES,http://www.ttusports.com/inside_athletics/facilities,EBLEN CENTER,,,2017-04-01,1,4,25,Salesforce
Sterling Commerce,SCC_3734,504,1011,LANTZ ARENA,GRANT AVENUE AND FOURTH STREET,CHARLESTON,IL,61920,,,SINGLE USE,OPEN,5400,COLES,17029,USA,39.48037678,-88.1788751,711310,PROMOTERS OF PERFORMING ARTS SPORTS AND SIMILAR EVENTS WITH FACILITIES,https://eiupanthers.com/sports/2007/6/25/Lantz%20Arena%20Complex.aspx?id=23,,,,2016-12-01,1,2,50,Salesforce
Sterling Commerce,SCC_2741,505,1012,EDWIN W. PAULEY PAVILION,555 WESTWOOD PLAZA,LOS ANGELES,CA,90095,,(310) 825-2101,SINGLE USE,OPEN,13800,LOS ANGELES,6037,USA,34.07036121,-118.4467999,711310,PROMOTERS OF PERFORMING ARTS SPORTS AND SIMILAR EVENTS WITH FACILITIES,https://uclabruins.com/facilities/?id=11,PAULEY PAVILION,,,2014-11-01,1,3,33,Salesforce
Sterling Commerce,SCC_1716,506,1013,BEASLEY COLISEUM,1775 NE STADIUM WAY,PULLMAN,WA,99163,,,SINGLE USE,OPEN,12058,WHITMAN,53075,USA,46.73523854,-117.1580759,711310,PROMOTERS OF PERFORMING ARTS SPORTS AND SIMILAR EVENTS WITH FACILITIES,https://wsucougars.com/sports/2013/4/18/208264716.aspx,FRIEL COURT AT BEASLEY PRFMNG ARTS COLSM,,,2011-07-01,1,2,50,Salesforce
Sterling Commerce,SCC_2947,510,1017,HART CENTER,1 COLLEGE STREET,WORCESTER,MA,1610,,,SINGLE USE,OPEN,3536,WORCESTER,25027,USA,42.23512397,-71.80608739,711310,PROMOTERS OF PERFORMING ARTS SPORTS AND SIMILAR EVENTS WITH FACILITIES,http://www.goholycross.com/ViewArticle.dbml?&DB_OEM_ID=33100&ATCLID=210235730,HART RECREATION CENTER,,,2011-11-01,1,2,50,Salesforce
Sterling Commerce,SCC_1127,511,1018,COLEMAN COLISEUM,323 PAUL W BRYANT DRIVE,TUSCALOOSA,AL,35487,,(205) 348-6111,SINGLE USE,OPEN,15383,TUSCALOOSA,1125,USA,33.20287992,-87.53973741,711310,PROMOTERS OF PERFORMING ARTS SPORTS AND SIMILAR EVENTS WITH FACILITIES,https://rolltide.com/sports/2016/6/10/facilities-coleman-coliseum-html.aspx,,,,2019-05-01,1,3,33,Salesforce
Sterling Commerce,SCC_1279,516,1023,GREENSBORO COLISEUM,1921 WEST LEE STREET GREENSBORO,GREENSBORO,NC,27403,,(336) 373-7400,SINGLE USE,OPEN,23000,GUILFORD,37081,USA,36.0596393,-79.82579741,711310,PROMOTERS OF PERFORMING ARTS SPORTS AND SIMILAR EVENTS WITH FACILITIES,http://www.greensborocoliseum.com/,HEALTH AND HUMAN PERFORMANCE BUILDING,,,2011-10-01,1,4,25,Salesforce
Sterling Commerce,SCC_3273,517,1024,BERNARD G. JOHNSON COLISEUM,801 BOWERS BLVD,HUNTSVILLE,TX,77340,,(936) 294-1740,SINGLE USE,OPEN,6110,WALKER,48471,USA,30.71287564,-95.54626585,711310,PROMOTERS OF PERFORMING ARTS SPORTS AND SIMILAR EVENTS WITH FACILITIES,http://www.gobearkats.com/ViewArticle.dbml?ATCLID=1275315&DB_OEM_ID=19900,,,,2011-12-01,1,4,25,Salesforce
Sterling Commerce,SCC_3022,526,1033,LEE E. WILLIAMS ASSEMBLY CENTER,1400 LYNCH STREET,JACKSON,MS,39203,,,SINGLE USE,OPEN,8000,HINDS,28049,USA,32.29972195,-90.21187384,711310,PROMOTERS OF PERFORMING ARTS SPORTS AND SIMILAR EVENTS WITH FACILITIES,http://www.jsutigers.com/ViewArticle.dbml?DB_OEM_ID=29000&ATCLID=205702982,,,,2015-04-01,1,3,33,Salesforce
Sterling Commerce,SCC_1017,527,1034,DEE GLEN SMITH SPECTRUM,900 NORTH AND 800 EAST,LOGAN,UT,84321,,(435) 797-0305,SINGLE USE,OPEN,10270,CACHE,49005,USA,41.74762453,-111.8120055,711310,PROMOTERS OF PERFORMING ARTS SPORTS AND SIMILAR EVENTS WITH FACILITIES,https://utahstateaggies.com/facilities/?id=2,SMITH SPECTRUM,,,2019-03-01,1,4,25,Salesforce
Sterling Commerce,SCC_3114,530,1038,MUNICIPAL AUDITORIUM,301 WEST 13TH STREET,KANSAS CITY,MO,64105,,(816) 513-5000,SINGLE USE,OPEN,7316,JACKSON,48239,USA,39.09787408,-94.58653403,711310,PROMOTERS OF PERFORMING ARTS SPORTS AND SIMILAR EVENTS WITH FACILITIES,https://kcconvention.com/venue/municipal-arena/,,,,2013-03-01,1,4,25,Salesforce
Sterling Commerce,SCC_4692,533,1041,MILLETT HALL,500 EAST SYCAMORE STREET,OXFORD,OH,45056,,(513) 529-2531,SINGLE USE,OPEN,9200,BUTLER,19023,USA,39.51721633,-84.73455037,711310,PROMOTERS OF PERFORMING ARTS SPORTS AND SIMILAR EVENTS WITH FACILITIES,https://miamiredhawks.com/sports/2018/6/7/facilities-millett-hall-15-html.aspx,JOHN D. MILLET HALL,,,2010-05-01,1,2,50,Salesforce
Sterling Commerce,SCC_4684,535,1043,UNIVERSITY ARENA,WESTERN AVENUE AND OLIVER STREET,KALAMAZOO,MI,49008,,,SINGLE USE,OPEN,5421,KALAMAZOO,26077,USA,42.28336277,-85.60859868,711310,PROMOTERS OF PERFORMING ARTS SPORTS AND SIMILAR EVENTS WITH FACILITIES,https://wmubroncos.com/facilities/?id=5,,,READ FIELDHOUSE,2010-01-01,1,2,50,Salesforce
Sterling Commerce,SCC_2094,542,1050,ATHLETICS CENTER O'RENA,PIONEER DRIVE,ROCHESTER,MI,48309,,,SINGLE USE,OPEN,4000,OAKLAND,26125,USA,42.67395003,-83.21305998,711310,PROMOTERS OF PERFORMING ARTS SPORTS AND SIMILAR EVENTS WITH FACILITIES,https://goldengrizzlies.com/facilities/?id=6,,,,2015-08-01,1,4,25,Salesforce
Sterling Commerce,SCC_1589,544,1052,MCLEOD CENTER,2501 HUDSON ROAD,CEDAR FALLS,IA,50614,,(319) 273-6636,SINGLE USE,OPEN,6750,BLACK HAWK,19013,USA,42.51436248,-92.46715928,711310,PROMOTERS OF PERFORMING ARTS SPORTS AND SIMILAR EVENTS WITH FACILITIES,http://www.vpaf.uni.edu/eventcomplex/mcleod/,,,,2019-05-01,1,3,33,Salesforce
Sterling Commerce,SCC_2755,545,1053,CHI HEALTH CENTER OMAHA,455 NORTH 10TH STREET,OMAHA,NE,68102,,(402) 341-1500,SINGLE USE,OPEN,18320,DOUGLAS,32005,USA,41.26266377,-95.92806653,711310,PROMOTERS OF PERFORMING ARTS SPORTS AND SIMILAR EVENTS WITH FACILITIES,http://www.centurylinkcenteromaha.com/Arena/ArenaHome.aspx,,,CENTURYLINK CENTER,2010-07-01,1,3,33,Salesforce
Sterling Commerce,SCC_1942,547,1055,SIU ARENA,1400 ARENA DRIVE,CARBONDALE,IL,62901,,(618) 453-2000,SINGLE USE,OPEN,8284,JACKSON,48239,USA,37.70834,-89.21869,711310,PROMOTERS OF PERFORMING ARTS SPORTS AND SIMILAR EVENTS WITH FACILITIES,https://siusalukis.com/sports/2016/6/12/facilities-facilities-arena-html.aspx,,,,2018-10-01,1,4,25,Salesforce
Sterling Commerce,SCC_2885,551,1059,POPE PHYSICAL EDUCATION CENTER,CLINTON STREET AND JORALEMON STREET,BROOKLYN HEIGHTS,NY,11201,,,SINGLE USE,OPEN,1200,KINGS,6031,USA,40.69300703,-73.99230116,711310,PROMOTERS OF PERFORMING ARTS SPORTS AND SIMILAR EVENTS WITH FACILITIES,https://sfcathletics.com/documents/2013/9/26/facilities2.pdf,GENEROSO POPE ATHLETIC CENTER,,,2015-02-01,1,4,25,Salesforce
Sterling Commerce,SCC_2000,552,1060,SPIRO SPORTS CENTER,CAMPUS ROAD AND HOWARD AVENUE,STATEN ISLAND,NY,10301,,(718) 390-3209,SINGLE USE,OPEN,2100,RICHMOND,13245,USA,40.61497,-74.0957,711310,PROMOTERS OF PERFORMING ARTS SPORTS AND SIMILAR EVENTS WITH FACILITIES,https://wagnerathletics.com/sports/2008/7/28/_0728081831.aspx?id=21,,,,2010-01-01,1,3,33,Salesforce
Sterling Commerce,SCC_4717,553,1061,PEOPLE'S UNITED CENTER,305 SHERMAN AVENUE,HAMDEN,CT,6518,,(203) 582-3905,SINGLE USE,OPEN,3570,NEW HAVEN,9009,USA,41.41393456,-72.91053769,711310,PROMOTERS OF PERFORMING ARTS SPORTS AND SIMILAR EVENTS WITH FACILITIES,https://quinnipiacbobcats.com/facilities/?id=6,,,T.D. BANK SPORTS CENTER,2019-11-01,1,2,50,Salesforce
Sterling Commerce,SCC_3829,556,1064,MCCARTHEY ATHLETIC CENTER,801 NORTH CINCINNATI STREET,SPOKANE,WA,99202,,(509) 313-6000,SINGLE USE,OPEN,6000,SPOKANE,53063,USA,47.66536,-117.39909,711310,PROMOTERS OF PERFORMING ARTS SPORTS AND SIMILAR EVENTS WITH FACILITIES,https://gozags.com/facilities/?id=1,,,,2012-02-01,1,2,50,Salesforce
Sterling Commerce,SCC_2662,561,1070,PETERSEN EVENTS CENTER,3719 TERRACE STREET,PITTSBURGH,PA,15260,,(412) 648-3054,SINGLE USE,OPEN,12508,ALLEGHENY,42003,USA,40.44380853,-79.9623413,711310,PROMOTERS OF PERFORMING ARTS SPORTS AND SIMILAR EVENTS WITH FACILITIES,http://www.peterseneventscenter.com/,JOHN AND GERTRUDE PETERSON EVENTS CENTER,THE PETE,,2014-03-01,1,3,33,Salesforce
Sterling Commerce,SCC_3548,563,1072,YUENGLING CENTER,12499 USF BULL RUN DRIVE,TAMPA,FL,33617,,(813) 974-3111,SINGLE USE,OPEN,10411,HILLSBOROUGH,12057,USA,28.05920951,-82.40654145,711310,PROMOTERS OF PERFORMING ARTS SPORTS AND SIMILAR EVENTS WITH FACILITIES,http://www.yuenglingcenter.com/,USF ARENA AND CONVOCATION CENTER,,USF SUN DOME,2012-03-01,1,2,50,Salesforce
Sterling Commerce,SCC_2133,565,1074,WVU COLISEUM,3450 MONOGAHELA BLVD,MORGANTOWN,WV,26505,,(304) 293-4406,SINGLE USE,OPEN,14000,MONONGALIA,54061,USA,39.64934021,-79.98138682,711310,PROMOTERS OF PERFORMING ARTS SPORTS AND SIMILAR EVENTS WITH FACILITIES,https://wvusports.com/facilities/?id=9,,,,2012-04-01,1,3,33,Salesforce
Sterling Commerce,SCC_3945,566,1075,PETER W. STOTT CENTER,SW PARK AVENUE AND SW COLLEGE STREET,PORTLAND,OR,97201,,,SINGLE USE,OPEN,1775,MULTNOMAH,41051,USA,45.51090662,-122.6866226,711310,PROMOTERS OF PERFORMING ARTS SPORTS AND SIMILAR EVENTS WITH FACILITIES,https://www.pdx.edu/profile/visit-the-peter-w-stott-center,,,,2018-06-01,1,3,33,Salesforce
Sterling Commerce,SCC_1751,570,1079,DEDMON CENTER ARENA,101 UNIVERSITY DRIVE,RADFORD,VA,24141,,(540) 831-5345,SINGLE USE,OPEN,3200,RADFORD,51750,USA,37.13856,-80.54175,711310,PROMOTERS OF PERFORMING ARTS SPORTS AND SIMILAR EVENTS WITH FACILITIES,https://radfordathletics.com/sports/2008/12/2/DedmonCenter.aspx?id=12,DONALD N. DEDMON CENTER,,,2016-02-01,1,4,25,Salesforce
Sterling Commerce,SCC_4069,571,1080,VINES CENTER,UNIVERSITY BOULEVARD AND DEMOSS DRIVE,LYNCHBURG,VA,24502,,(434) 582-7328,SINGLE USE,OPEN,9547,LYNCHBURG,51680,USA,37.34886,-79.18102,711310,PROMOTERS OF PERFORMING ARTS SPORTS AND SIMILAR EVENTS WITH FACILITIES,http://www.liberty.edu/flames/index.cfm?PID=13647,,,,2019-08-01,1,3,33,Salesforce
Sterling Commerce,SCC_4374,577,1086,STUDENT RECREATION CENTER ARENA,WEST LINDEN DRIVE AND ABERDEEN ROAD,RIVERSIDE,CA,92507,,(951) 827-5738,SINGLE USE,OPEN,3168,RIVERSIDE,6065,USA,33.97888799,-117.32789,711310,PROMOTERS OF PERFORMING ARTS SPORTS AND SIMILAR EVENTS WITH FACILITIES,https://gohighlanders.com/sports/2009/1/24/MBB_0124090629.aspx?id=95,,,,2016-09-01,1,2,50,Salesforce
Sterling Commerce,SCC_2284,582,1091,MATTHEWS ARENA,SAINT BOTOLPH STREET AND GAINSBOROUGH STREET,BOSTON,MA,2115,,(617) 373-2691,SINGLE USE,OPEN,6000,SUFFOLK,25025,USA,42.34124757,-71.08433928,711310,PROMOTERS OF PERFORMING ARTS SPORTS AND SIMILAR EVENTS WITH FACILITIES,https://gonu.com/sports/2010/1/28/matthewsarena.aspx,,,,2010-08-01,1,2,50,Salesforce
Sterling Commerce,SCC_3799,583,1092,EAGLEBANK ARENA,4500 PATRIOT CIRCLE,FAIRFAX,VA,22030,,(703) 993-3000,SINGLE USE,OPEN,10000,FAIRFAX,51600,USA,38.82680003,-77.30966001,711310,PROMOTERS OF PERFORMING ARTS SPORTS AND SIMILAR EVENTS WITH FACILITIES,https://www.eaglebankarena.com/,,,PATRIOT CENTER,2011-01-01,1,4,25,Salesforce
Sterling Commerce,SCC_2750,585,1094,TED CONSTANT CONVOCATION CENTER,4320 HAMPTON BOULEVARD,NORFOLK,VA,23508,,(757) 683-5762,SINGLE USE,OPEN,8639,NORFOLK,51710,USA,36.88415852,-76.30129928,711310,PROMOTERS OF PERFORMING ARTS SPORTS AND SIMILAR EVENTS WITH FACILITIES,http://www.constantcenter.com/,,,,2019-05-01,1,4,25,Salesforce
Sterling Commerce,SCC_4300,588,1097,MOODY COLISEUM (SMU),BINKLEY AVENUE AND AIRLINE ROAD,DALLAS,TX,75205,,(214) 768-2000,SINGLE USE,OPEN,7000,DALLAS,19049,USA,32.84038371,-96.78055451,711310,PROMOTERS OF PERFORMING ARTS SPORTS AND SIMILAR EVENTS WITH FACILITIES,https://smumustangs.com/facilities/?id=3,,,,2014-01-01,1,3,33,Salesforce
Sterling Commerce,SCC_2370,589,1098,REYNOLDS CENTER,EAST 8TH STREET AND SOUTH GARY PLACE,TULSA,OK,74112,,(918) 631-4688,SINGLE USE,OPEN,8355,TULSA,40143,USA,36.148869,-95.94219077,711310,PROMOTERS OF PERFORMING ARTS SPORTS AND SIMILAR EVENTS WITH FACILITIES,https://tulsahurricane.com/news/2015/6/5/POM_0605150821.aspx,DONALD W. REYNOLDS CENTER,,,2019-03-01,1,3,33,Salesforce
Sterling Commerce,SCC_3099,592,1101,THE UIC PAVILION,525 SOUTH RACINE AVENUE,CHICAGO,IL,60607,,(312) 413-5700,SINGLE USE,OPEN,8000,COOK,27031,USA,41.87490477,-87.65614501,711310,PROMOTERS OF PERFORMING ARTS SPORTS AND SIMILAR EVENTS WITH FACILITIES,http://www.uicpavilion.com/pavilion/,,,,2016-02-01,1,2,50,Salesforce
Sterling Commerce,SCC_1302,600,1109,NEWMAN ARENA,CAMPUS ROAD AND GARDEN AVENUE,ITHICA,NY,14853,,(607) 255-6183,SINGLE USE,OPEN,4473,TOMPKINS,36109,USA,42.44581283,-76.4759524,711310,PROMOTERS OF PERFORMING ARTS SPORTS AND SIMILAR EVENTS WITH FACILITIES,https://cornellbigred.com/sports/2007/7/30/NewmanArena.aspx,BARTELS HALL,,,2014-01-01,1,2,50,Salesforce
Sterling Commerce,SCC_4458,602,1111,PAYNE WHITNEY GYMNASIUM,70 TOWER PARKWAY,NEW HAVEN,CT,6520,,(475) 227-6763,SINGLE USE,OPEN,3100,NEW HAVEN,9009,USA,41.31392001,-72.93097001,711310,PROMOTERS OF PERFORMING ARTS SPORTS AND SIMILAR EVENTS WITH FACILITIES,http://www.yalebulldogs.com/information/facilities/payne_whitney_gym/index,JOHN J. LEE AMPHITHEATER,,,2010-01-01,1,2,50,Salesforce
Sterling Commerce,SCC_1520,604,1113,PETE MATHEWS COLISEUM,PARK AVENUE NW AND NISBET STREET NW,JACKSONVILLE,AL,36265,,,SINGLE USE,OPEN,3500,CALHOUN,48057,USA,33.82414741,-85.77348164,711310,PROMOTERS OF PERFORMING ARTS SPORTS AND SIMILAR EVENTS WITH FACILITIES,https://jsugamecocksports.com/sports/2008/8/5/GEN_0805084036.aspx,,,,2015-10-01,1,2,50,Salesforce
Sterling Commerce,SCC_1970,605,1114,CFSB CENTER,1401 STATE ROUTE 121,MURRAY,KY,42071,,(270) 809-5577,SINGLE USE,OPEN,8602,CALLOWAY,21035,USA,36.62267741,-88.32007579,711310,PROMOTERS OF PERFORMING ARTS SPORTS AND SIMILAR EVENTS WITH FACILITIES,https://goracers.com/sports/2005/12/13/356453001.aspx?id=63,,,,2019-05-01,1,4,25,Salesforce
Sterling Commerce,SCC_4121,606,1115,SHOW ME CENTER,1333 NORTH SPRIGG STREET,CAPE GIRARDEAU,MO,63701,,(573) 651-2297,SINGLE USE,OPEN,6972,CAPE GIRARDEAU,29031,USA,37.31998632,-89.52736253,711310,PROMOTERS OF PERFORMING ARTS SPORTS AND SIMILAR EVENTS WITH FACILITIES,http://www.showmecenter.biz/,,,,2012-11-01,1,3,33,Salesforce
Sterling Commerce,SCC_1303,611,1120,STABLER ARENA,124 GOODMAN DRIVE,BETHLEHEM,PA,18015,,(610) 758-3770,SINGLE USE,OPEN,6200,NORTHAMPTON,51131,USA,40.58528119,-75.35731798,711310,PROMOTERS OF PERFORMING ARTS SPORTS AND SIMILAR EVENTS WITH FACILITIES,https://lehighsports.com/sports/2013/6/4/GEN_0604132109.aspx?id=163,,,,2014-01-01,1,4,25,Salesforce
Sterling Commerce,SCC_1504,617,1126,THE PAVILION AT OLE MISS,1 ALL AMERICAN DRIVE,OXFORD,MS,38677,,(662) 915-7159,SINGLE USE,OPEN,9500,LAFAYETTE,22055,USA,34.36289973,-89.53587858,711310,PROMOTERS OF PERFORMING ARTS SPORTS AND SIMILAR EVENTS WITH FACILITIES,https://olemisssports.com/sports/2018/7/20/facilities-ole-facilities-pavilion-html.aspx?id=1228,,,,2015-12-01,1,2,50,Salesforce
Sterling Commerce,SCC_1210,620,1129,LISTON B. RAMSEY REGIONAL ACTIVITY CENTER,92 CATAMOUNT ROAD,CULLOWHEE,NC,28723,,(828) 227-2063,SINGLE USE,OPEN,8000,JACKSON,48239,USA,35.30367584,-83.18232364,711310,PROMOTERS OF PERFORMING ARTS SPORTS AND SIMILAR EVENTS WITH FACILITIES,https://www.wcu.edu/ramsey/,RAMSEY REGIONAL ACTIVITY CENTER,,,2016-01-01,1,3,33,Salesforce
Sterling Commerce,SCC_3581,622,1131,TIMMONS ARENA,3300 POINSETT HIGHWAY,GREENVILE,SC,29613,,(864) 294-3267,SINGLE USE,OPEN,5000,GREENVILLE,45045,USA,34.91795218,-82.43737252,711310,PROMOTERS OF PERFORMING ARTS SPORTS AND SIMILAR EVENTS WITH FACILITIES,http://www.timmonsarena.com/arena_info.aspx,,,,2011-08-01,1,4,25,Salesforce
Sterling Commerce,SCC_1473,623,1132,HANNER FIELDHOUSE,GEORGIA AVENUE AND HERTY DRIVE,STATESBORO,GA,30458,,(800) 478-9467,SINGLE USE,OPEN,4325,BULLOCH,13031,USA,32.42761712,-81.77918894,711310,PROMOTERS OF PERFORMING ARTS SPORTS AND SIMILAR EVENTS WITH FACILITIES,https://gseagles.com/sports/2013/7/23/MBB_0723133304.aspx?id=24,W.S. HANNER FIELDHOUSE,,,2010-12-01,1,4,25,Salesforce
Sterling Commerce,SCC_2858,630,1139,WILLIAM R. JOHNSON COLISEUM,EAST COLLEGE STREET AND NORTH UNIVERSITY DRIVE,NACOGDOCHES,TX,75961,,(936) 468-3108,SINGLE USE,OPEN,7203,NACOGDOCHES,48347,USA,31.62225579,-94.64077098,711310,PROMOTERS OF PERFORMING ARTS SPORTS AND SIMILAR EVENTS WITH FACILITIES,https://sfajacks.com/sports/2017/6/7/william-r-johnson-coliseum.aspx?id=441,,,,2010-08-01,1,2,50,Salesforce
Sterling Commerce,SCC_4506,633,1142,MURPHY CENTER,MIDDLE TENNESSEE BOULEVARD AND DIVISION STREET,MURFREESBORO,TN,37132,,(615) 904-8258,SINGLE USE,OPEN,10000,RUTHERFORD,37161,USA,35.852392,-86.36965988,711310,PROMOTERS OF PERFORMING ARTS SPORTS AND SIMILAR EVENTS WITH FACILITIES,https://www.mtsu.edu/murphycenter/,CHARLES M. MURPHY ATHLETIC CENTER,,,2011-01-01,1,2,50,Salesforce
Sterling Commerce,SCC_1194,642,1151,THOMAS ASSEMBLY CENTER,WEST ALABAMA AVENUE AND PENNY LANE,RUSTON,LA,71270,,(318) 257-3631,SINGLE USE,OPEN,8000,LINCOLN,32017,USA,32.53205307,-92.65855163,711310,PROMOTERS OF PERFORMING ARTS SPORTS AND SIMILAR EVENTS WITH FACILITIES,https://latechsports.com/facilities/?id=2,SAMUEL M. THOMAS ASSEMBLY CENTER,,,2012-10-01,1,4,25,Salesforce
Sterling Commerce,SCC_4653,650,1159,G.B. HODGE CENTER,HODGE DRIVE,SPARTANBURG,SC,29303,,,SINGLE USE,OPEN,837,SPARTANBURG,45083,USA,34.99570797,-81.96886631,711310,PROMOTERS OF PERFORMING ARTS SPORTS AND SIMILAR EVENTS WITH FACILITIES,https://www.upstatespartans.com/facilities/Hodge,HODGE CENTER,,,2017-06-01,1,2,50,Salesforce
Sterling Commerce,SCC_4088,651,372,WELLS FARGO CENTER,3601 SOUTH BROAD STREET,PHILADELPHIA,PA,19148,,(215) 336-3600,MULTIUSE,OPEN,20456,PHILADELPHIA,42101,USA,39.90116036,-75.17185877,711310,PROMOTERS OF PERFORMING ARTS SPORTS AND SIMILAR EVENTS WITH FACILITIES,https://www.wellsfargocenterphilly.com/,SPECTRUM II,,WACHOVIA CENTER,2010-05-01,1,4,25,Salesforce
Sterling Commerce,SCC_4340,652,1162,HOLT ARENA,550 MEMORIAL DRIVE,POCATELLO,ID,83201,,(208) 282-4931,SINGLE USE,OPEN,8000,BANNOCK,16005,USA,42.86999126,-112.4286155,711310,PROMOTERS OF PERFORMING ARTS SPORTS AND SIMILAR EVENTS WITH FACILITIES,https://isubengals.com/sports/2010/10/11/GEN_1011102301.aspx?path=general,,,,2019-03-01,1,2,50,Salesforce
Sterling Commerce,SCC_2940,656,1166,BETTY ENGELSTAD SIOUX CENTER,1 RALPH ENGELSTAD DRIVE,GRANK FORKS,ND,58203,,(701) 777-4167,SINGLE USE,OPEN,3300,GRAND FORKS,38035,USA,47.92764572,-97.07237371,711310,PROMOTERS OF PERFORMING ARTS SPORTS AND SIMILAR EVENTS WITH FACILITIES,http://www.theralph.com/the-ralph/the-betty,,,,2010-08-01,1,3,33,Salesforce
Sterling Commerce,SCC_4066,661,1171,PHYSICAL EDUCATION COMPLEX,2523 GWYNNS FALLS PARKWAY,BALTIMORE,MD,21212,,(410) 951-3780,SINGLE USE,OPEN,4100,BALTIMORE (CITY),24510,USA,39.3154514,-76.65744843,711310,PROMOTERS OF PERFORMING ARTS SPORTS AND SIMILAR EVENTS WITH FACILITIES,https://coppinstatesports.com/sports/2015/6/2/GEN_0602153018.aspx,,,,2013-10-01,1,4,25,Salesforce
Sterling Commerce,SCC_3913,664,1174,AUBURN ARENA,250 BEARD-EAVES COURT,AUBURN,AL,36830,,(334) 844-9839,SINGLE USE,OPEN,9121,LEE,48287,USA,32.60280877,-85.49248717,711310,PROMOTERS OF PERFORMING ARTS SPORTS AND SIMILAR EVENTS WITH FACILITIES,https://auburntigers.com/facilities/?id=1,,,,2018-09-01,1,4,25,Salesforce
Sterling Commerce,SCC_1640,666,1176,DAKOTADOME,TAYLOR STREET,VERMILLION,SD,57069,,(605) 677-8840,OTHER,OPEN,10000,CLAY,19041,USA,42.7911404,-96.92776898,711310,PROMOTERS OF PERFORMING ARTS SPORTS AND SIMILAR EVENTS WITH FACILITIES,https://goyotes.com/facilities/?id=14,,,,2015-08-01,1,2,50,Salesforce
Sterling Commerce,SCC_3051,669,1179,WARREN MCGUIRK ALUMNI STADIUM,300 STADIUM DRIVE,HADLEY,MA,1003,,(413) 545-2439,SINGLE USE,OPEN,17000,HAMPSHIRE,25015,USA,42.37739,-72.536025,711310,PROMOTERS OF PERFORMING ARTS SPORTS AND SIMILAR EVENTS WITH FACILITIES,https://umassathletics.com/sports/2016/7/1/school-bio-facilities-html.aspx#mcguirk,,,,2013-07-01,1,2,50,Salesforce
Sterling Commerce,SCC_4043,670,1180,JIM WACKER FIELD AT BOBCAT STADIUM,1100 AQUARENA SPRINGS DRIVE,SAN MARCOS,TX,78666,,(512) 245-2272,SINGLE USE,OPEN,30000,HAYS,65600,USA,29.89106145,-97.92554152,711310,PROMOTERS OF PERFORMING ARTS SPORTS AND SIMILAR EVENTS WITH FACILITIES,https://txstatebobcats.com/sports/2010/7/29/FB_0729105705.aspx?tab=jimwackerfieldatbobcatstadium,,,,2014-02-01,1,4,25,Salesforce
Sterling Commerce,SCC_1408,673,1183,FOREMAN FIELD AT S. B. BALLARD STADIUM,5115 HAMPTON BOULEVARD,NORFOLK,VA,23529,,(757) 683-3000,SINGLE USE,OPEN,20118,NORFOLK,51710,USA,36.88891918,-76.3048891,711310,PROMOTERS OF PERFORMING ARTS SPORTS AND SIMILAR EVENTS WITH FACILITIES,http://www.odusports.com/ViewArticle.dbml?ATCLID=208427122,,,,2012-03-01,1,3,33,Salesforce
Sterling Commerce,SCC_3348,675,1185,JERRY RICHARDSON STADIUM,8701 PHILLIPS RD,CHARLOTTE,NC,28262,,(704) 687-8622,SINGLE USE,OPEN,15314,MECKLENBURG,37119,USA,35.310511,-80.740125,711310,PROMOTERS OF PERFORMING ARTS SPORTS AND SIMILAR EVENTS WITH FACILITIES,https://charlotte49ers.com/sports/2016/7/25/welcome-to-jerry-richardson-stadium.aspx?id=1666,,,,2012-11-01,1,2,50,Salesforce
Sterling Commerce,SCC_4951,676,1186,SAPUTO STADIUM,4750 RUE SHERBROOKE EST,MONTREAL,QC,H1V 1A1,,(514) 328-3668,SINGLE USE,OPEN,20801,MONTREAL,2466025,CAN,45.56309305,-73.55265341,711310,PROMOTERS OF PERFORMING ARTS SPORTS AND SIMILAR EVENTS WITH FACILITIES,https://www.impactmontreal.com/fr/stadium/stade-saputo,,,,2011-12-01,1,2,50,Salesforce
Sterling Commerce,SCC_1050,683,1193,LOS ALAMITOS,KATELLA AVENUE,CYPRESS,CA,90720,,(714) 820-2800,SINGLE USE,OPEN,-999,ORANGE,6059,USA,33.80875,-118.0437,711212,RACETRACKS,http://www.losalamitos.com/,,,,2014-02-01,1,3,33,Salesforce
Sterling Commerce,SCC_3883,685,1195,LAKEFRONT ARENA,6801 FRANKLIN AVENUE,NEW ORLEANS,LA,70122,,(504) 280-7171,SINGLE USE,OPEN,8933,ORLEANS,22071,USA,30.03009994,-90.05064245,711310,PROMOTERS OF PERFORMING ARTS SPORTS AND SIMILAR EVENTS WITH FACILITIES,http://arena.uno.edu/default.aspx,,,,2015-04-01,1,3,33,Salesforce
Sterling Commerce,SCC_3462,686,1196,MOODY COLISEUM (ACU),1600 CAMPUS COURT,ABILENE,TX,79601,,(325) 674-2000,SINGLE USE,OPEN,4600,TAYLOR,48441,USA,32.47038855,-99.70921921,711310,PROMOTERS OF PERFORMING ARTS SPORTS AND SIMILAR EVENTS WITH FACILITIES,https://acusports.com/sports/2009/6/29/moody_coliseum.aspx,,,,2011-11-01,1,3,33,Salesforce
Sterling Commerce,SCC_2292,695,403,TDECU STADIUM,3874 HOLMAN STREET,HOUSTON,TX,77004,,(713) 743-9444,SINGLE USE,OPEN,40000,HARRIS,48201,USA,29.722,-95.3492,711310,PROMOTERS OF PERFORMING ARTS SPORTS AND SIMILAR EVENTS WITH FACILITIES,https://uhcougars.com/sports/2018/6/12/TDECU-Stadium-Info-html.aspx,,,,2014-03-01,1,4,25,Salesforce
Sterling Commerce,SCC_1713,698,1206,TOURNAMENT PLAYERS CLUB HARDING PARK,99 HARDING ROAD,SAN FRANCISCO,CA,94132,,(415) 664-4690,SINGLE USE,OPEN,-999,SAN FRANCISCO,6075,USA,37.72470145,-122.4937198,713910,GOLF COURSES AND COUNTRY CLUBS,https://tpc.com/hardingpark/,,,,2012-01-01,1,2,50,Salesforce
Sterling Commerce,SCC_1660,700,1208,ROBERT TRENT JONES GOLF TRAIL,3000 ROBERT TRENT JONES TRAIL,OPELIKA,AL,36801,,(334) 749-9042,SINGLE USE,OPEN,-999,LEE,1081,USA,32.67846798,-85.42487309,713910,GOLF COURSES AND COUNTRY CLUBS,http://www.rtjgolf.com/,,,,2012-11-01,1,4,25,Salesforce
Sterling Commerce,SCC_2480,702,1210,ROBERT TRENT JONES GOLF COURSE,1 TURTLE POINT DRIVE,GAINESVILLE,VA,20155,,(703) 754-4050,SINGLE USE,OPEN,-999,PRINCE WILLIAM,51153,USA,38.77587039,-77.63963063,713910,GOLF COURSES AND COUNTRY CLUBS,http://www.rtjgc.com/,,,,2011-01-01,1,4,25,Salesforce
Sterling Commerce,SCC_3395,706,78,LEVI'S STADIUM,4900 MARIE P. DEBARTOLO WAY,SANTA CLARA,CA,95054,,(415) 464-9377,SINGLE USE,OPEN,68500,SANTA CLARA,6085,USA,37.403,-121.97,711310,PROMOTERS OF PERFORMING ARTS SPORTS AND SIMILAR EVENTS WITH FACILITIES,http://www.levisstadium.com/,,,,2012-07-01,1,4,25,Salesforce
Sterling Commerce,SCC_1499,712,1219,FINGER LAKES,5857 STATE ROUTE 96,FARMINGTON,NY,14425,,(585) 924-3232,SINGLE USE,OPEN,-999,ONTARIO,36069,USA,42.96924024,-77.34177638,711212,RACETRACKS,https://www.fingerlakesgaming.com/,,,,2010-11-01,1,4,25,Salesforce
Sterling Commerce,SCC_3990,715,1222,INDIANA GRAND RACE COURSE,4300 NORTH MICHIGAN ROAD,SHELBYVILLE,IN,46176,,(877) 386-4463,SINGLE USE,OPEN,-999,SHELBY,18145,USA,39.59006352,-85.82164116,711212,RACETRACKS,https://indianagrand.com/,,,,2012-07-01,1,3,33,Salesforce
Sterling Commerce,SCC_3433,717,36,FAIRMOUNT PARK RACETRACK,9301 COLLINSVILLE ROAD,COLLINSVILLE,IL,62234,,(618) 345-4300,SINGLE USE,OPEN,-999,MADISON,17119,USA,38.663056,-90.03556,711212,RACETRACKS,http://www.fairmountpark.com/,,,,2011-05-01,1,4,25,Salesforce
Sterling Commerce,SCC_3686,722,1227,AUSTIN COUNTRY CLUB,4408 LONG CHAMP DR,AUSTIN,TX,78746,,(512) 328-0090,SINGLE USE,OPEN,-999,TRAVIS,48453,USA,30.342744,-97.79735,713910,GOLF COURSES AND COUNTRY CLUBS,https://www.austincountryclub.com/club/scripts/section/section.asp?NS=HOMEPAGE,,,,2018-05-01,1,3,33,Salesforce
Sterling Commerce,SCC_1003,724,1229,BALTUSROL GOLF CLUB,201 SHUNPIKE RD,SPRINGFIELD,NJ,7081,,(973) 376-1900,SINGLE USE,OPEN,-999,UNION,34039,USA,40.704903,-74.327915,713910,GOLF COURSES AND COUNTRY CLUBS,https://www.baltusrol.org/,,,,2015-12-01,1,3,33,Salesforce
Sterling Commerce,SCC_2768,732,1237,COOLRAY FIELD,2500 BUFORD DR NE,LAWRENCEVILLE,GA,30043,,(678) 277-0300,SINGLE USE,OPEN,10000,GWINNETT,13135,USA,34.04084961,-83.99298587,711310,PROMOTERS OF PERFORMING ARTS SPORTS AND SIMILAR EVENTS WITH FACILITIES,http://www.milb.com/content/page.jsp?ymd=20151015&content_id=154548818&fext=.jsp&sid=t431&vkey=,,,,2010-01-01,1,3,33,Salesforce
Sterling Commerce,SCC_2756,734,1239,COCA-COLA PARK,1050 IRONPIGS WAY,ALLENTOWN,PA,18109,,(610) 841-7447,SINGLE USE,OPEN,8089,LEHIGH,42077,USA,40.625945,-75.452484,711310,PROMOTERS OF PERFORMING ARTS SPORTS AND SIMILAR EVENTS WITH FACILITIES,http://www.milb.com/content/page.jsp?sid=t1410&ymd=20101122&content_id=16171526&vkey=team1,,,,2010-05-01,1,2,50,Salesforce
Sterling Commerce,SCC_1545,738,1243,FRONTIER FIELD,333 PLYMOUTH AVE N,ROCHESTER,NY,14608,,(585) 262-2009,SINGLE USE,OPEN,13500,MONROE,36055,USA,43.158082,-77.620388,711310,PROMOTERS OF PERFORMING ARTS SPORTS AND SIMILAR EVENTS WITH FACILITIES,https://www.milb.com/rochester/ballpark/frontier-field,,,,2019-01-01,1,3,33,Salesforce
Sterling Commerce,SCC_4783,740,1245,NBT BANK STADIUM,1 TEX SIMONE DR,SYRACUSE,NY,13208,,(315) 474-7833,SINGLE USE,OPEN,11071,ONONDAGA,36067,USA,43.079,-76.16537,711310,PROMOTERS OF PERFORMING ARTS SPORTS AND SIMILAR EVENTS WITH FACILITIES,http://www.milb.com/content/page.jsp?ymd=20060209&content_id=41111164&sid=t552&vkey=team1,,,,2013-04-01,1,4,25,Salesforce
Sterling Commerce,SCC_3152,742,1247,ISOTOPES PARK,1601 AVENIDA CESAR CHAVEZ SE,ALBUQUERQUE,NM,87106,,(505) 924-2255,SINGLE USE,OPEN,11124,BERNALILLO,35001,USA,35.06983,-106.629126,711310,PROMOTERS OF PERFORMING ARTS SPORTS AND SIMILAR EVENTS WITH FACILITIES,https://www.milb.com/albuquerque/ballpark/isotopes-park,,,,2017-11-01,1,2,50,Salesforce
Sterling Commerce,SCC_2936,743,1248,SECURITY SERVICE FIELD,4385 TUTT BLVD,COLORADO SPRINGS,CO,80922,,(719) 597-1449,OTHER,OPEN,8500,EL PASO,8041,USA,38.894149,-104.710283,711310,PROMOTERS OF PERFORMING ARTS SPORTS AND SIMILAR EVENTS WITH FACILITIES,http://www.milb.com/content/page.jsp?sid=t551&ymd=20060307&content_id=45629&vkey=team1,,,,2015-01-01,1,4,25,Salesforce
Sterling Commerce,SCC_4111,744,1249,SOUTHWEST UNIVERSITY PARK,1 BALLPARK PLAZA,EL PASO,TX,79901,,(915) 533-2273,SINGLE USE,OPEN,7500,EL PASO,48141,USA,31.75912025,-106.4925428,711310,PROMOTERS OF PERFORMING ARTS SPORTS AND SIMILAR EVENTS WITH FACILITIES,http://www.milb.com/content/page.jsp?ymd=20140412&content_id=71857664&fext=.jsp&sid=t4904&vkey=team1,,,,2011-06-01,1,3,33,Salesforce
Sterling Commerce,SCC_2881,746,1251,PRINCIPAL PARK,1 LINE DR,DES MOINES,IA,50309,,(515) 243-6111,SINGLE USE,OPEN,11500,POLK,19153,USA,41.58013,-93.616027,711310,PROMOTERS OF PERFORMING ARTS SPORTS AND SIMILAR EVENTS WITH FACILITIES,http://www.milb.com/content/page.jsp?ymd=20130312&content_id=42629938&fext=.jsp&sid=t451&vkey=,,,,2011-09-01,1,4,25,Salesforce
Sterling Commerce,SCC_4486,750,1255,SHRINE ON AIRLINE,6000 AIRLINE DR,METAIRIE,LA,70003,,(504) 734-5155,SINGLE USE,OPEN,10000,JEFFERSON,22051,USA,29.975474,-90.199712,711310,PROMOTERS OF PERFORMING ARTS SPORTS AND SIMILAR EVENTS WITH FACILITIES,http://www.milb.com/content/page.jsp?ymd=20070123&content_id=41061428&fext=.jsp&vkey=news_t588&sid=t588,,,ZEPHYR FIELD,2014-06-01,1,4,25,Salesforce
Sterling Commerce,SCC_1968,754,1259,DELL DIAMOND,3400 E PALM VALLEY BLVD,ROUND ROCK,TX,78665,,(512) 255-2255,SINGLE USE,OPEN,8631,WILLIAMSON,48491,USA,30.527559,-97.630273,711310,PROMOTERS OF PERFORMING ARTS SPORTS AND SIMILAR EVENTS WITH FACILITIES,http://www.milb.com/content/page.jsp?ymd=20100112&content_id=7906284&sid=t102&vkey=team2,,,,2019-04-01,1,2,50,Salesforce
Sterling Commerce,SCC_2530,756,1261,SMITH'S BALLPARK,77 1300 S,SALT LAKE CITY,UT,84115,,(801) 350-6900,SINGLE USE,OPEN,14511,SALT LAKE,49035,USA,40.740755,-111.89287,711310,PROMOTERS OF PERFORMING ARTS SPORTS AND SIMILAR EVENTS WITH FACILITIES,http://www.milb.com/content/page.jsp?ymd=20090123&content_id=41000320&fext=.jsp&vkey=news_t561&sid=t561,,,,2016-08-01,1,3,33,Salesforce
Sterling Commerce,SCC_4167,758,1263,PARQUE DE BEISBOL ALBERTO ROMO CHAVEZ,JUAN DE LA BARRERA 102,AGUASCALIENTES,AG,20190,,,SINGLE USE,OPEN,6494,AGUASCALIENTES,1001,MEX,21.879958,-102.274043,711310,PROMOTERS OF PERFORMING ARTS SPORTS AND SIMILAR EVENTS WITH FACILITIES,http://www.rielerosags.com/,,,,2014-11-01,1,2,50,Salesforce
Sterling Commerce,SCC_2228,761,1266,ESTADIO MONCLOVA,AV LOS REYES 1300,MONCLOVA,CA,25750,,,SINGLE USE,OPEN,-999,MONCLOVA,5018,MEX,26.90687543,-101.4441886,711310,PROMOTERS OF PERFORMING ARTS SPORTS AND SIMILAR EVENTS WITH FACILITIES,http://acereros.com.mx/estadio/,,,,2016-09-01,1,3,33,Salesforce
Sterling Commerce,SCC_4669,765,1270,ESTADIO DE BEISBOL FRANCISCO I. MADERO,JESUS VALDEZ SANCHEZ 1 INT. B,SALTILLO,CA,25284,,(844) 415-3121,SINGLE USE,OPEN,16000,SALTILLO,5030,MEX,25.433654,-100.978858,711310,PROMOTERS OF PERFORMING ARTS SPORTS AND SIMILAR EVENTS WITH FACILITIES,https://www.milb.com/saraperos/news/estadio-francisco-i-madero/c-27354996,,,,2017-08-01,1,3,33,Salesforce
Sterling Commerce,SCC_4418,769,1274,ESTADIO EDUARDO VASCONCELOS,BLV EDUARDO VASCONCELOS Y CALZ,OAXACA,OA,68080,,(951) 515-7898,SINGLE USE,OPEN,1700,OAXACA,20067,MEX,17.0697,-96.712995,711310,PROMOTERS OF PERFORMING ARTS SPORTS AND SIMILAR EVENTS WITH FACILITIES,http://www.guerreros.mx/localidades.php,,,,2016-04-01,1,2,50,Salesforce
Sterling Commerce,SCC_2956,771,1276,PARQUE DE B√âISBOL CENTENARIO DEL 27 DE FEBRERO,AVENIDA VELODROMO DE LA CIUDAD DEPORTIVA S/N,VILLAHERMOSA,TB,86100,,,SINGLE USE,OPEN,-999,CENTRO,27004,MEX,17.97671,-92.944118,711310,PROMOTERS OF PERFORMING ARTS SPORTS AND SIMILAR EVENTS WITH FACILITIES,https://www.olmecastabasco.net/aficion,,,,2015-06-01,1,2,50,Salesforce
Sterling Commerce,SCC_1712,775,40,COLONIAL DOWNS,10515 COLONIAL DOWNS PARKWAY,NEW KENT,VA,23124,,(804) 966-7223,OTHER,CLOSED,6000,NEW KENT,51127,USA,37.486044,-77.005669,711212,RACETRACKS,http://www.colonialdowns.com/,,,,2011-02-01,1,2,50,Salesforce
Sterling Commerce,SCC_1627,779,1282,NORTHLANDS COLISEUM,7424 118 AVENUE NORTHWEST,EDMONTON,AB,T5B 4M9,,(780) 471-7210,OTHER,CLOSED,16839,EDMONTON,4811061,CAN,53.57133352,-113.4560858,711310,PROMOTERS OF PERFORMING ARTS SPORTS AND SIMILAR EVENTS WITH FACILITIES,http://www.rexall-place.com/,NORTHLANDS,,REXALL PLACE,2014-07-01,1,4,25,Salesforce
Sterling Commerce,SCC_2526,784,1287,RALSTON ARENA,72ND AND Q STREETS,OMAHA,NE,68127,,(402) 934-9966,OTHER,OPEN,3519,DOUGLAS,31055,USA,41.2070119,-96.02680307,711310,PROMOTERS OF PERFORMING ARTS SPORTS AND SIMILAR EVENTS WITH FACILITIES,http://www.ralstonarena.com/,,,,2017-01-01,1,3,33,Salesforce
Sterling Commerce,SCC_2348,793,1291,LITTLE CAESARS ARENA,66 SIBLEY STREET,DETROIT,MI,48201,,(313) 471-3200,MULTIUSE,OPEN,20491,WAYNE,26163,USA,42.34088755,-83.05526251,711310,PROMOTERS OF PERFORMING ARTS SPORTS AND SIMILAR EVENTS WITH FACILITIES,http://www.olympiaentertainment.com/little-caesars-arena-2,,,,2012-06-01,1,2,50,Salesforce
Sterling Commerce,SCC_4154,794,1292,MERCEDES-BENZ STADIUM,35 NORTHSIDE DRIVE NW,ATLANTA,GA,30313,,(678) 686-4400,MULTIUSE,OPEN,71000,FULTON,13121,USA,33.75566851,-84.40117845,711310,PROMOTERS OF PERFORMING ARTS SPORTS AND SIMILAR EVENTS WITH FACILITIES,https://mercedesbenzstadium.com/,,,,2012-10-01,1,2,50,Salesforce
Sterling Commerce,SCC_3054,809,1307,CANADIAN TIRE MOTORSPORT PARK,3233 CONCESSION ROAD 10,BOWMANVILLE,ON,L1C 3K6,,(905) 983-9141,SINGLE USE,OPEN,-999,CLARINGTON,3518017,CAN,44.053295,-78.674909,711212,RACETRACKS,https://canadiantiremotorsportpark.com/,,,,2019-01-01,1,2,50,Salesforce
Sterling Commerce,SCC_1717,810,1308,CLUB DE GOLF CHAPULTEPEC,AV DEL CONSCRIPTO 425,NAUCALPAN DE JUAREZ,EM,53900,,(555) 118-4778,SINGLE USE,OPEN,-999,NAUCALPAN DE JUAREZ,15057,MEX,19.432371,-99.238962,713910,GOLF COURSES AND COUNTRY CLUBS,http://clubdegolfchapultepec.com,,,,2019-09-01,1,3,33,Salesforce
Sterling Commerce,SCC_4801,815,1313,ARONIMINK GOLF CLUB,3600 ST DAVIDS RD,NEWTOWN SQUARE,PA,19073,,(610) 356-8000,SINGLE USE,OPEN,-999,DELAWARE,42045,USA,40.011462,-75.408974,713910,GOLF COURSES AND COUNTRY CLUBS,http://www.aronimink.org/,,,,2018-12-01,1,3,33,Salesforce
Sterling Commerce,SCC_1257,821,1319,HILLIARD GATES SPORTS CENTER,2101 E COLISEUM BLVD,FORT WAYNE,IN,46835,,(260) 481-6655,SINGLE USE,OPEN,1800,ALLEN,18003,USA,41.119684,-85.10727,711310,PROMOTERS OF PERFORMING ARTS SPORTS AND SIMILAR EVENTS WITH FACILITIES,https://gomastodons.com/facilities/?id=2,,,,2011-11-01,1,3,33,Salesforce
Sterling Commerce,SCC_1541,824,1322,WELLNESS AND EVENTS CENTER,100 LOCK ST,NEWARK,NJ,7102,,(973) 596-5730,SINGLE USE,OPEN,3500,ESSEX,34013,USA,40.74230855,-74.18047932,711310,PROMOTERS OF PERFORMING ARTS SPORTS AND SIMILAR EVENTS WITH FACILITIES,https://www.njithighlanders.com/facilities/?id=129,,,,2015-11-01,1,4,25,Salesforce
Sterling Commerce,SCC_1806,826,1324,WESTCHESTER COUNTY CENTER,198 CENTRAL AVENUE,WHITE PLAINS,NY,10606,,(914) 995-4050,SINGLE USE,OPEN,5000,WESTCHESTER,36119,USA,41.037165,-73.778896,711310,PROMOTERS OF PERFORMING ARTS SPORTS AND SIMILAR EVENTS WITH FACILITIES,http://www.countycenter.biz/,,,,2010-06-01,1,3,33,Salesforce
Sterling Commerce,SCC_1516,828,1326,HTC  CENTER,104 FOUNDERS DR,CONWAY,SC,29526,,(843) 349-2802,SINGLE USE,OPEN,3212,HORRY,45051,USA,33.7991209,-79.01567787,711310,PROMOTERS OF PERFORMING ARTS SPORTS AND SIMILAR EVENTS WITH FACILITIES,https://www.coastal.edu/recreation/facilities/htccenter/,,,,2018-03-01,1,4,25,Salesforce
Sterling Commerce,SCC_4529,830,1328,ELLIS PARK,3300 US 41,HENDERSON,KY,42420,,(812) 425-1456,SINGLE USE,OPEN,-999,HENDERSON,21101,USA,37.915266,-87.546771,711212,RACETRACKS,https://ellisparkracing.com/,,,,2012-09-01,1,4,25,Salesforce
Sterling Commerce,SCC_1448,837,1334,WEATHERTECH RACEWAY LAGUNA SECA,1021 MONTEREY SALINAS HIGHWAY,SALINAS,CA,93908,,(831) 242-8200,SINGLE USE,OPEN,11000,MONTEREY,6053,USA,36.584419,-121.753903,711212,RACETRACKS,http://www.weathertechraceway.com/,,,,2014-08-01,1,2,50,Salesforce
Sterling Commerce,SCC_1538,839,1336,LAS VEGAS STADIUM,3333 AL DAVIS WAY,LAS VEGAS,NV,89118,,,,UNDER CONSTRUCTION,65000,CLARK,32003,USA,36.09145723,-115.183534,711310,PROMOTERS OF PERFORMING ARTS SPORTS AND SIMILAR EVENTS WITH FACILITIES,http://lasvegasstadium.raiders.com/,,,,2012-01-01,1,3,33,Salesforce
Sterling Commerce,SCC_4534,1,1,MILWAUKEE MILE,640 SOUTH 84TH STREET,WEST ALLIS,WI,53214,,(414) 266-7000,SINGLE USE,OPEN,45000,MILWAUKEE,55079,USA,43.02017994,-88.01062993,711212,RACETRACKS,http://wistatefair.com/wsfp/2018/01/22/milwaukee-mile-speedway/,,,,2013-12-01,0,3,0,Salesforce
Sterling Commerce,SCC_2288,12,30,GOLDEN GATE FIELDS,1100 EASTSHORE HIGHWAY,ALBANY,CA,94710,1007,(510) 559-7300,SINGLE USE,OPEN,14750,ALAMEDA,6001,USA,37.88517064,-122.3111346,711212,RACETRACKS,http://www.goldengatefields.com,,,,2010-07-01,0,1,0,Salesforce
Sterling Commerce,SCC_1726,13,32,MEADOWLANDS RACETRACK,50 STATE ROUTE 120,EAST RUTHERFORD,NJ,7073,,(201) 843-2446,SINGLE USE,OPEN,2200,BERGEN,34003,USA,40.81849345,-74.07321834,711212,RACETRACKS,http://www.thebigm.com,THE BIG M,,,2011-02-01,0,1,0,Salesforce
Sterling Commerce,SCC_2738,15,34,SANTA ANITA PARK,285 WEST HUNTINGTON DRIVE,ARCADIA,CA,91007,,(626) 574-7223,SINGLE USE,OPEN,26000,LOS ANGELES,6037,USA,34.14098999,-118.04443,711212,RACETRACKS,http://www.santaanita.com,,,,2019-07-01,0,2,0,Salesforce
Sterling Commerce,SCC_2612,18,39,LAUREL PARK,ROUTE 198 AND RACETRACK ROAD,LAUREL,MD,20724,,(301) 725-0400,SINGLE USE,OPEN,4180,ANNE ARUNDEL,24003,USA,39.103889,-76.830833,711212,RACETRACKS,http://www.laurelpark.com/,,,,2018-09-01,0,3,0,Salesforce
Sterling Commerce,SCC_1884,19,41,ARLINGTON PARK,2200 WEST EUCLID AVE,ARLINGTON HEIGHTS,IL,60005,,(847) 385-7500,SINGLE USE,OPEN,14000,COOK,27031,USA,42.091,-88.01022,711212,RACETRACKS,http://www.arlingtonpark.com/,,,,2015-08-01,0,1,0,Salesforce
Sterling Commerce,SCC_1736,20,42,LONE STAR PARK,1000 LONE STAR PKWY,GRAND PRAIRIE,TX,75050,,(972) 263-7223,SINGLE USE,OPEN,8000,DALLAS,19049,USA,32.7735,-96.9864,711212,RACETRACKS,https://www.lonestarpark.com/facility-and-grounds/,,,,2013-12-01,0,2,0,Salesforce
Sterling Commerce,SCC_1509,24,46,MONMOUTH PARK,175 OCEANPORT AVENUE,OCEANPORT,NJ,7757,,(732) 222-5100,SINGLE USE,OPEN,8000,MONMOUTH,34025,USA,40.30990792,-74.01459754,711212,RACETRACKS,http://monmouthpark.com/,,,,2011-02-01,0,1,0,Salesforce
Sterling Commerce,SCC_3772,26,48,FAIR GROUNDS RACE COURSE,1751 GENTILLY BOULEVARD,NEW ORLEANS,LA,70119,,(504) 944-5515,SINGLE USE,OPEN,8000,ORLEANS,22071,USA,29.98385785,-90.08100575,711212,RACETRACKS,http://www.fairgroundsracecourse.com,NEW ORLEANS FAIRGROUNDS,,,2010-01-01,0,2,0,Salesforce
Sterling Commerce,SCC_3135,28,50,NEW ERA FIELD,1 BILLS DRIVE,ORCHARD PARK,NY,14127,,(716) 648-1800,SINGLE USE,OPEN,73079,ERIE,39043,USA,42.77375433,-78.78695658,711310,PROMOTERS OF PERFORMING ARTS SPORTS AND SIMILAR EVENTS WITH FACILITIES,http://www.buffalobills.com/stadium/index.html,,,RALPH WILSON STADIUM,2014-03-01,0,3,0,Salesforce
Sterling Commerce,SCC_2381,32,54,M&T BANK STADIUM,1101 RUSSELL STREET,BALTIMORE,MD,21230,,(261) 261-7283,SINGLE USE,OPEN,71008,BALTIMORE (CITY),24510,USA,39.27790001,-76.62270001,711310,PROMOTERS OF PERFORMING ARTS SPORTS AND SIMILAR EVENTS WITH FACILITIES,https://www.baltimoreravens.com/stadium/,,,RAVENS STADIUM,2017-08-01,0,2,0,Salesforce
Sterling Commerce,SCC_4996,38,60,NISSAN STADIUM,1 TITANS WAY,NASHVILLE,TN,37213,,(615) 565-4300,SINGLE USE,OPEN,69143,DAVIDSON,47037,USA,36.16645,-86.77128,711310,PROMOTERS OF PERFORMING ARTS SPORTS AND SIMILAR EVENTS WITH FACILITIES,https://www.titansonline.com/stadium/,,,LP FIELD,2014-06-01,0,3,0,Salesforce
Sterling Commerce,SCC_2089,39,370,OAKLAND ALAMEDA COLISEUM,7000 COLISEUM WAY,OAKLAND,CA,94621,,(510) 569-2121,MULTIUSE,OPEN,63026,ALAMEDA,6001,USA,37.75161,-122.20062,711310,PROMOTERS OF PERFORMING ARTS SPORTS AND SIMILAR EVENTS WITH FACILITIES,http://www.coliseum.com/venues/detail/oakland-alameda-county-coliseum,OAKLAND COLISEUM,O.CO COLISEUM,OAKLAND-ALADEDA COUNTY COLISEUM,2010-04-01,0,3,0,Salesforce
Sterling Commerce,SCC_1006,40,62,ARROWHEAD STADIUM,1 ARROWHEAD DRIVE,KANSAS CITY,MO,64129,,(816) 920-9300,SINGLE USE,OPEN,76416,JACKSON,48239,USA,39.04891429,-94.48401096,711310,PROMOTERS OF PERFORMING ARTS SPORTS AND SIMILAR EVENTS WITH FACILITIES,https://www.chiefs.com/stadium/,,,,2018-03-01,0,1,0,Salesforce
Sterling Commerce,SCC_2753,42,399,SDCCU STADIUM,9449 FRIARS ROAD,SAN DIEGO,CA,92108,,(619) 641-3100,SINGLE USE,OPEN,70561,SAN DIEGO,6073,USA,32.78313672,-117.1195696,711310,PROMOTERS OF PERFORMING ARTS SPORTS AND SIMILAR EVENTS WITH FACILITIES,https://www.sandiego.gov/stadium,JACK MURPHY STADIUM,,QUALCOMM STADIUM,2015-04-01,0,1,0,Salesforce
Sterling Commerce,SCC_1020,43,65,FEDEX FIELD,1600 FEDEX WAY,LANDOVER,MD,20785,,(301) 276-6100,SINGLE USE,OPEN,82000,PRINCE GEORGE'S,24033,USA,38.90766814,-76.86446219,711310,PROMOTERS OF PERFORMING ARTS SPORTS AND SIMILAR EVENTS WITH FACILITIES,http://www.redskins.com/fedexfield/,,,,2017-02-01,0,2,0,Salesforce
Sterling Commerce,SCC_4916,59,85,CALIFORNIA MEMORIAL STADIUM,2227 PIEDMONT AVENUE,BERKELEY,CA,94720,,(510) 642-2730,SINGLE USE,OPEN,63000,ALAMEDA,6001,USA,37.871,-122.25071,711310,PROMOTERS OF PERFORMING ARTS SPORTS AND SIMILAR EVENTS WITH FACILITIES,http://www.californiamemorialstadium.com/,,,,2019-03-01,0,3,0,Salesforce
Sterling Commerce,SCC_1228,61,87,ROSE BOWL,1001 ROSE BOWL DRIVE,PASADENA,CA,91103,2813,(626) 577-3100,SINGLE USE,OPEN,90888,LOS ANGELES,6037,USA,34.16129,-118.16758,711310,PROMOTERS OF PERFORMING ARTS SPORTS AND SIMILAR EVENTS WITH FACILITIES,http://www.rosebowlstadium.com/,,,,2011-07-01,0,2,0,Salesforce
Sterling Commerce,SCC_3143,62,88,STANFORD STADIUM,625 NELSON ROAD,STANFORD,CA,94305,,(650) 723-2300,SINGLE USE,OPEN,50424,SANTA CLARA,6085,USA,37.4345,-122.16111,711310,PROMOTERS OF PERFORMING ARTS SPORTS AND SIMILAR EVENTS WITH FACILITIES,http://www.gostanford.com/ViewArticle.dbml?ATCLID=208446909,,,,2016-03-01,0,1,0,Salesforce
Sterling Commerce,SCC_4296,68,94,RENTSCHLER FIELD,615 SILVER LANE,HARTFORD,CT,6118,1231,(860) 610-4700,SINGLE USE,OPEN,38066,HARTFORD,9003,USA,41.75962,-72.61883,711310,PROMOTERS OF PERFORMING ARTS SPORTS AND SIMILAR EVENTS WITH FACILITIES,http://www.rentschlerfield.com/stadium/stadium-info,,,,2014-11-01,0,1,0,Salesforce
Sterling Commerce,SCC_2510,70,97,BEN HILL GRIFFIN STADIUM,157 GALE LEMERAND DRIVE,GAINESVILLE,FL,32611,2002,(352) 375-4683,SINGLE USE,OPEN,88548,ALACHUA,12001,USA,29.64991,-82.34860722,711310,PROMOTERS OF PERFORMING ARTS SPORTS AND SIMILAR EVENTS WITH FACILITIES,https://floridagators.com/facilities/?id=1,THE SWAMP,,,2017-04-01,0,1,0,Salesforce
Sterling Commerce,SCC_4059,74,101,ALOHA STADIUM,99-500 SALT LAKE BOULEVARD,HONOLULU,HI,96818,,(808) 483-2500,SINGLE USE,OPEN,50000,HONOLULU,15003,USA,21.37282,-157.92997,711310,PROMOTERS OF PERFORMING ARTS SPORTS AND SIMILAR EVENTS WITH FACILITIES,http://alohastadium.hawaii.gov/,,,,2017-01-01,0,3,0,Salesforce
Sterling Commerce,SCC_4045,78,105,KIBBIE-ASUI ACTIVITY CENTER,711 S RAYBURN ST,MOSCOW,ID,83844,,(208) 885-6394,SINGLE USE,OPEN,16000,LATAH,16057,USA,46.72628294,-117.0179152,711310,PROMOTERS OF PERFORMING ARTS SPORTS AND SIMILAR EVENTS WITH FACILITIES,https://www.uidaho.edu/infrastructure/administrative-operations/uss/asui-kibbie-activity-center,KIBBIE DOME,COWAN SPECTRUM,,2019-06-01,0,1,0,Salesforce
Sterling Commerce,SCC_4400,81,108,LEGION FIELD,400 GRAYMONT AVENUE WEST,BIRMINGHAM,AL,35204,4008,(205) 254-2391,SINGLE USE,OPEN,71594,JEFFERSON,22051,USA,33.51149,-86.84265,711310,PROMOTERS OF PERFORMING ARTS SPORTS AND SIMILAR EVENTS WITH FACILITIES,https://www.birminghamal.gov/parks-and-recreation/legion-field/,,,,2010-04-01,0,3,0,Salesforce
Sterling Commerce,SCC_1944,84,111,VETERANS MEMORIAL STADIUM,SOUTH GEORGE WALLACE DR AND MELTON CARTER DR,TROY,AL,36081,,,SINGLE USE,OPEN,30402,PIKE,28113,USA,31.79958424,-85.95183722,711310,PROMOTERS OF PERFORMING ARTS SPORTS AND SIMILAR EVENTS WITH FACILITIES,http://troytrojans.com/sports/2013/12/4/FB_1204132527.aspx?id=314,,,,2019-08-01,0,1,0,Salesforce
Sterling Commerce,SCC_4447,86,113,WAR MEMORIAL STADIUM (ARKASAS),1 STADIUM DRIVE,LITTLE ROCK,AR,72205,,(501) 663-6385,SINGLE USE,OPEN,54120,PULASKI,5119,USA,34.74985002,-92.33008998,711310,PROMOTERS OF PERFORMING ARTS SPORTS AND SIMILAR EVENTS WITH FACILITIES,https://www.wmstadium.com/,,,,2013-10-01,0,3,0,Salesforce
Sterling Commerce,SCC_2832,88,115,MEMORIAL STADIUM (INDIANA),701 EAST 17TH STREET,BLOOMINGTON,IN,47408,,(812) 855-1966,SINGLE USE,OPEN,52656,MONROE,55081,USA,39.18089,-86.52561,711310,PROMOTERS OF PERFORMING ARTS SPORTS AND SIMILAR EVENTS WITH FACILITIES,https://iuhoosiers.com/facilities/?id=6,,,,2019-01-01,0,1,0,Salesforce
Sterling Commerce,SCC_1836,90,117,NOTRE DAME STADIUM,2010 MOOSE KRAUSE CIRCLE,NOTRE DAME,IN,46637,,(574) 631-7356,SINGLE USE,OPEN,80795,SAINT JOSEPH,18141,USA,41.69837,-86.2339,711310,PROMOTERS OF PERFORMING ARTS SPORTS AND SIMILAR EVENTS WITH FACILITIES,http://www.und.com/facilities/notre-dame-stadium.html,,,,2018-12-01,0,3,0,Salesforce
Sterling Commerce,SCC_3499,93,120,BILL SYNDER FAMILY FOOTBALL STADIUM,1800 COLLEGE AVENUE,MANHATTAN,KS,66502,3308,(785) 532-5876,SINGLE USE,OPEN,50000,RILEY,20161,USA,39.202,-96.59384,711310,PROMOTERS OF PERFORMING ARTS SPORTS AND SIMILAR EVENTS WITH FACILITIES,http://www.kstatesports.com/sports/2015/6/22/_131476205109639392.aspx?id=210,,,,2014-05-01,0,1,0,Salesforce
Sterling Commerce,SCC_1934,95,122,KROGER FIELD,1540 UNIVERSITY DRIVE,LEXINGTON,KY,40506,222,(859) 257-9000,SINGLE USE,OPEN,61000,FAYETTE,48149,USA,38.02274,-84.50517,711310,PROMOTERS OF PERFORMING ARTS SPORTS AND SIMILAR EVENTS WITH FACILITIES,https://ukathletics.com/sports/2017/8/7/kroger-field.aspx?id=530,,,COMMONWEALTH STADIUM,2018-06-01,0,3,0,Salesforce
Sterling Commerce,SCC_1645,98,126,JPS FIELD AT MALONE STADIUM,WARHAWK WAY AND NORTHEAST DRIVE,MONROE,LA,71203,,,SINGLE USE,OPEN,30427,OUACHITA,5103,USA,32.53092,-92.06599,711310,PROMOTERS OF PERFORMING ARTS SPORTS AND SIMILAR EVENTS WITH FACILITIES,https://ulmwarhawks.com/news/2012/3/30/205406235.aspx,,,MALONE STADIUM,2013-01-01,0,1,0,Salesforce
Sterling Commerce,SCC_2475,101,129,CAPITAL ONE FIELD AT MARYLAND STADIUM,STADIUM DRIVE AND VALLEY DRIVE,COLLEGE PARK,MD,20742,,(301) 314-7070,SINGLE USE,OPEN,54000,PRINCE GEORGE'S,24033,USA,38.99017002,-76.94711002,711310,PROMOTERS OF PERFORMING ARTS SPORTS AND SIMILAR EVENTS WITH FACILITIES,http://www.umterps.com/ViewArticle.dbml?ATCLID=208133544,,,BYRD STADIUM,2015-06-01,0,2,0,Salesforce
Sterling Commerce,SCC_4815,102,130,NAVY-MARINE CORPS MEMORIAL STADIUM,550 TAYLOR AVE,ANNAPOLIS,MD,21401,2220,(410) 263-4783,SINGLE USE,OPEN,35000,ANNE ARUNDEL,24003,USA,38.98475,-76.50706,711310,PROMOTERS OF PERFORMING ARTS SPORTS AND SIMILAR EVENTS WITH FACILITIES,https://navysports.com/sports/2018/5/23/facilities-memorial-stadium-html.aspx,,,,2015-04-01,0,2,0,Salesforce
Sterling Commerce,SCC_1820,107,135,WALDO STADIUM,1903 W MICHIGAN AVENUE,KALAMAZOO,MI,49008,,(269) 387-3061,SINGLE USE,OPEN,30200,KALAMAZOO,26077,USA,42.28575,-85.60102001,711310,PROMOTERS OF PERFORMING ARTS SPORTS AND SIMILAR EVENTS WITH FACILITIES,https://wmubroncos.com/facilities/?id=4,,,,2016-12-01,0,3,0,Salesforce
Sterling Commerce,SCC_2154,111,139,VAUGHT-HEMINGWAY STADIUM,ALL-AMERICAN AND HILL DRIVE,OXFORD,MS,38677,,(662) 236-1931,SINGLE USE,OPEN,64038,LAFAYETTE,22055,USA,34.36198,-89.53419,711310,PROMOTERS OF PERFORMING ARTS SPORTS AND SIMILAR EVENTS WITH FACILITIES,http://www.olemisssports.com/facilities/ole-facilities-hemingway.html,VAUGHT-HEMINGWAY STADIUM/HOLLINGSWORTH FIELD,,,2013-09-01,0,1,0,Salesforce
Sterling Commerce,SCC_1077,112,140,CARTER-FINLEY STADIUM,4600 TRINITY ROAD,RALEIGH,NC,27607,3924,(919) 834-4000,SINGLE USE,OPEN,55571,WAKE,37183,USA,35.80077,-78.71947,711310,PROMOTERS OF PERFORMING ARTS SPORTS AND SIMILAR EVENTS WITH FACILITIES,https://projects.ncsu.edu/facilities/buildings/carter-finley.html,,,,2014-01-01,0,1,0,Salesforce
Sterling Commerce,SCC_2337,119,147,DREAMSTYLE STADIUM,1300 UNIVERSITY BOULEVARD SE,ALBUQUERQUE,NM,87131,,(505) 925-5858,SINGLE USE,OPEN,39224,BERNALILLO,35001,USA,35.06696,-106.62827,711310,PROMOTERS OF PERFORMING ARTS SPORTS AND SIMILAR EVENTS WITH FACILITIES,https://golobos.com/sports/2015/5/12/GEN_2014010114.aspx,,,UNIVERSITY STADIUM,2011-01-01,0,3,0,Salesforce
Sterling Commerce,SCC_2010,120,148,AGGIE MEMORIAL STADIUM,STEWART STREET AND PAYNE STREET,LAS CRUCES,NM,88003,,(575) 646-1420,SINGLE USE,OPEN,30343,DONA ANA,35013,USA,32.27962,-106.74109,711310,PROMOTERS OF PERFORMING ARTS SPORTS AND SIMILAR EVENTS WITH FACILITIES,https://nmstatesports.com/sports/2015/7/30/GEN_2014010156.aspx,,,,2011-12-01,0,2,0,Salesforce
Sterling Commerce,SCC_1498,126,154,OHIO STADIUM,411 WOODY HAYES DRIVE,COLUMBUS,OH,43210,,(614) 292-6330,SINGLE USE,OPEN,104944,FRANKLIN,53021,USA,40.00168,-83.01972,711310,PROMOTERS OF PERFORMING ARTS SPORTS AND SIMILAR EVENTS WITH FACILITIES,http://ohiostatebuckeyes.com/sports/m-footbl/facilities/ohio-stadium/,,,,2011-12-01,0,1,0,Salesforce
Sterling Commerce,SCC_2868,128,156,DIX STADIUM,2227 SUMMIT ROAD,KENT,OH,44240,,(330) 672-2078,SINGLE USE,OPEN,25319,PORTAGE,55097,USA,41.13908,-81.31343,711310,PROMOTERS OF PERFORMING ARTS SPORTS AND SIMILAR EVENTS WITH FACILITIES,https://kentstatesports.com/sports/2013/7/16/dix%20stadium.aspx?id=33,,,,2018-06-01,0,1,0,Salesforce
Sterling Commerce,SCC_4583,133,161,BOONE PICKENS STADIUM,WEST HALL OF FAME AVENUE AND HESTER STREET,STILLWATER,OK,74078,,(405) 744-7714,SINGLE USE,OPEN,56790,PAYNE,40119,USA,36.12566914,-97.0664454,711310,PROMOTERS OF PERFORMING ARTS SPORTS AND SIMILAR EVENTS WITH FACILITIES,https://okstate.com/sports/2015/6/18/GEN_0618155302.aspx,,,,2012-05-01,0,3,0,Salesforce
Sterling Commerce,SCC_3181,134,162,GAYLORD FAMILY-OKLAHOMA MEMORIAL STADIUM,SOUTH JENKINS AVENUE AND EAST BROOKS STREET,NORMAN,OK,73019,6010,(405) 325-2424,SINGLE USE,OPEN,83489,CLEVELAND,40027,USA,35.20584,-97.44231,711310,PROMOTERS OF PERFORMING ARTS SPORTS AND SIMILAR EVENTS WITH FACILITIES,http://www.soonersports.com/ViewArticle.dbml?ATCLID=208803887,,,,2015-12-01,0,3,0,Salesforce
Sterling Commerce,SCC_2030,135,163,SKELLY FIELD AT H.A. CHAPMAN STADIUM,3131 EAST 11TH STREET,TULSA,OK,74104,,(918) 631-4688,SINGLE USE,OPEN,30000,TULSA,40143,USA,36.14887,-95.94376,711310,PROMOTERS OF PERFORMING ARTS SPORTS AND SIMILAR EVENTS WITH FACILITIES,https://tulsahurricane.com/news/2015/6/4/FB_0604152438.aspx,,,,2011-09-01,0,2,0,Salesforce
Sterling Commerce,SCC_2703,137,165,RESER STADIUM,2600 SW WESTERN BOULEVARD,CORVALLIS,OR,97331,,(541) 737-2547,SINGLE USE,OPEN,45674,BENTON,53005,USA,44.55951,-123.28141,711310,PROMOTERS OF PERFORMING ARTS SPORTS AND SIMILAR EVENTS WITH FACILITIES,http://www.osubeavers.com/ViewArticle.dbml?ATCLID=208342877,,,PARKER STADIUM,2011-02-01,0,2,0,Salesforce
Sterling Commerce,SCC_2232,140,170,WILLIAMS BRICE STADIUM,1127 GEORGE ROGERS BOULEVARD,COLUMBIA,SC,29201,,(803) 777-4271,SINGLE USE,OPEN,80250,RICHLAND,30083,USA,33.97309,-81.01917,711310,PROMOTERS OF PERFORMING ARTS SPORTS AND SIMILAR EVENTS WITH FACILITIES,http://facilities.gamecocksonline.com/williams-brice-stadium-new.html,,,,2014-09-01,0,2,0,Salesforce
Sterling Commerce,SCC_2582,141,171,LIBERTY BOWL MEMORIAL STADIUM,335 SOUTH HOLLYWOOD STREET,MEMPHIS,TN,38104,5923,(901) 729-4344,SINGLE USE,OPEN,61000,SHELBY,19165,USA,35.12108998,-89.97740999,711310,PROMOTERS OF PERFORMING ARTS SPORTS AND SIMILAR EVENTS WITH FACILITIES,https://gotigersgo.com/facilities/?id=8,,,,2010-03-01,0,1,0,Salesforce
Sterling Commerce,SCC_3770,142,172,NEYLAND STADIUM,1600 PHILLIP FULMER WAY,KNOXVILLE,TN,37996,,(865) 974-2491,SINGLE USE,OPEN,102455,KNOX,31107,USA,35.95498,-83.92498,711310,PROMOTERS OF PERFORMING ARTS SPORTS AND SIMILAR EVENTS WITH FACILITIES,https://utsports.com/facilities/?id=8,,,,2013-05-01,0,3,0,Salesforce
Sterling Commerce,SCC_2977,143,173,VANDERBILT STADIUM,JESS NEELY DRIVE AND NATCHEZ TRANCE,NASHVILLE,TN,37212,,(615) 322-4653,SINGLE USE,OPEN,40550,DAVIDSON,47037,USA,36.14402938,-86.80892444,711310,PROMOTERS OF PERFORMING ARTS SPORTS AND SIMILAR EVENTS WITH FACILITIES,https://vucommodores.com/sports/2018/7/10/facilities-vand-stadium-html.aspx,VANDERBILT STADIUM/DUDLEY FIELD,,,2011-04-01,0,2,0,Salesforce
Sterling Commerce,SCC_4930,146,177,JONES AT&T STADIUM,2626 MAC DAVIS LANE,LUBBOCK,TX,79409,,(806) 742-3355,SINGLE USE,OPEN,60454,LUBBOCK,48303,USA,33.5910837,-101.8729172,711310,PROMOTERS OF PERFORMING ARTS SPORTS AND SIMILAR EVENTS WITH FACILITIES,http://www.texastech.com/facilities/fac-jones-stadium.html,,,,2016-11-01,0,3,0,Salesforce
Sterling Commerce,SCC_2096,150,182,SUN BOWL STADIUM,2701 SUN BOWL DRIVE,EL PASO,TX,79986,,(915) 747-5481,SINGLE USE,OPEN,51500,EL PASO,48141,USA,31.77334,-106.50789,711310,PROMOTERS OF PERFORMING ARTS SPORTS AND SIMILAR EVENTS WITH FACILITIES,https://utepathletics.com/facilities/?id=2,,,,2016-03-01,0,2,0,Salesforce
Sterling Commerce,SCC_3774,152,184,LAVELL EDWARDS STADIUM,1700 NORTH CANYON DRIVE,PROVO,UT,84604,,(801) 422-2096,SINGLE USE,OPEN,63470,UTAH,49049,USA,40.25753,-111.65449,711310,PROMOTERS OF PERFORMING ARTS SPORTS AND SIMILAR EVENTS WITH FACILITIES,https://byucougars.com/facilities/football,,,COUGAR STADIUM,2011-02-01,0,2,0,Salesforce
Sterling Commerce,SCC_2639,154,186,MAVERIK STADIUM,800 EAST 1000 NORTH,LOGAN,UT,84322,,(435) 797-1850,SINGLE USE,OPEN,25513,CACHE,49005,USA,41.75173,-111.81162,711310,PROMOTERS OF PERFORMING ARTS SPORTS AND SIMILAR EVENTS WITH FACILITIES,https://utahstateaggies.com/facilities/?id=3,,,ROMNEY STADIUM,2013-02-01,0,3,0,Salesforce
Sterling Commerce,SCC_1731,158,190,MARTIN STADIUM,NE STADIUM WAY AND NE WILSON ROAD,PULLMAN,WA,99164,,(509) 335-3564,SINGLE USE,OPEN,32952,WHITMAN,53075,USA,46.73182,-117.16046,711310,PROMOTERS OF PERFORMING ARTS SPORTS AND SIMILAR EVENTS WITH FACILITIES,https://wsucougars.com/news/2013/4/18/208264711.aspx,,,,2013-09-01,0,1,0,Salesforce
Sterling Commerce,SCC_1241,160,192,MOUNTAINEER FIELD AT MILAN PUSKAR STADIUM,1 IRA ERRETT RODGERS DRIVE,MORGANTOWN,WV,26505,,(304) 293-5621,SINGLE USE,OPEN,60000,MONONGALIA,54061,USA,39.65021,-79.95508,711310,PROMOTERS OF PERFORMING ARTS SPORTS AND SIMILAR EVENTS WITH FACILITIES,https://wvusports.com/facilities/?id=8,MOUNTAINEER FIELD,,MOUNTAINEER FIELD,2013-04-01,0,1,0,Salesforce
Sterling Commerce,SCC_2366,162,194,WAR MEMORIAL STADIUM (WYOMING),NORTH 22ND STREET AND LAND STREET,LARAMIE,WY,82070,,(307) 766-7220,SINGLE USE,OPEN,29181,ALBANY,56001,USA,41.3117,-105.56827,711310,PROMOTERS OF PERFORMING ARTS SPORTS AND SIMILAR EVENTS WITH FACILITIES,https://gowyo.com/facilities/?id=1,,,,2015-07-01,0,2,0,Salesforce
Sterling Commerce,SCC_4634,165,197,FAU STADIUM,777 GLADES RD,BOCA RATON,FL,33431,6424,(561) 297-3000,SINGLE USE,OPEN,29495,PALM BEACH,12099,USA,26.3762,-80.1016,711310,PROMOTERS OF PERFORMING ARTS SPORTS AND SIMILAR EVENTS WITH FACILITIES,https://fausports.com/sports/2018/5/25/facilities-fau-football-stadium-html.aspx,,,,2011-04-01,0,3,0,Salesforce
Sterling Commerce,SCC_2874,170,203,RED BULL ARENA,600 CAPE MAY ST,HARRISON,NJ,7029,,(973) 268-8420,SINGLE USE,OPEN,25000,HUDSON,34017,USA,40.73691468,-74.15026944,711310,PROMOTERS OF PERFORMING ARTS SPORTS AND SIMILAR EVENTS WITH FACILITIES,http://www.newyorkredbulls.com/redbullarena,,,,2017-07-01,0,2,0,Salesforce
Sterling Commerce,SCC_2949,172,206,TOYOTA PARK,7000 S HARLEM AVE,BRIDGEVIEW,IL,60455,3106,(708) 594-7200,SINGLE USE,OPEN,20000,COOK,27031,USA,41.76472,-87.80611,711310,PROMOTERS OF PERFORMING ARTS SPORTS AND SIMILAR EVENTS WITH FACILITIES,http://www.chicago-fire.com/toyotapark,,,,2011-01-01,0,3,0,Salesforce
Sterling Commerce,SCC_1230,176,210,STUBHUB CENTER,18400 AVALON BOULEVARD,CARSON,CA,90746,2172,(310) 630-2000,MULTIUSE,OPEN,27000,LOS ANGELES,6037,USA,33.86428671,-118.2611126,711310,PROMOTERS OF PERFORMING ARTS SPORTS AND SIMILAR EVENTS WITH FACILITIES,http://www.stubhubcenter.com/,,,THE HOME DEPOT CENTER,2017-05-01,0,3,0,Salesforce
Sterling Commerce,SCC_1314,183,219,ANGEL STADIUM OF ANAHEIM,2000 EAST GENE AUTRY WAY,ANAHEIM,CA,92806,6143,(714) 940-2000,SINGLE USE,OPEN,45050,ORANGE,48361,USA,33.80031,-117.88271,711310,PROMOTERS OF PERFORMING ARTS SPORTS AND SIMILAR EVENTS WITH FACILITIES,http://losangeles.angels.mlb.com/ana/ballpark/,,,EDISON INTERNATIONAL FIELD OF ANAHEIM,2017-02-01,0,1,0,Salesforce
Sterling Commerce,SCC_2837,186,222,COMERICA PARK,2100 WOODWARD AVENUE,DETROIT,MI,48201,3470,(313) 962-4000,SINGLE USE,OPEN,41299,WAYNE,49055,USA,42.33927804,-83.04883144,711310,PROMOTERS OF PERFORMING ARTS SPORTS AND SIMILAR EVENTS WITH FACILITIES,https://www.mlb.com/tigers/ballpark,,,,2010-07-01,0,3,0,Salesforce
Sterling Commerce,SCC_1072,187,223,COORS FIELD,2001 BLAKE STREET,DENVER,CO,80205,2000,(303) 292-0200,SINGLE USE,OPEN,50144,DENVER,8031,USA,39.75635,-104.99414,711310,PROMOTERS OF PERFORMING ARTS SPORTS AND SIMILAR EVENTS WITH FACILITIES,https://www.mlb.com/rockies/ballpark,,,,2013-06-01,0,1,0,Salesforce
Sterling Commerce,SCC_1797,188,224,DODGER STADIUM,1000 VIN SCULLY AVENUE,LOS ANGELES,CA,90090,1112,(866) 363-4377,SINGLE USE,OPEN,56000,LOS ANGELES,6037,USA,34.07388,-118.23995,711310,PROMOTERS OF PERFORMING ARTS SPORTS AND SIMILAR EVENTS WITH FACILITIES,http://losangeles.dodgers.mlb.com/la/ballpark/index.jsp,,,,2011-02-01,0,1,0,Salesforce
Sterling Commerce,SCC_3790,192,228,KAUFFMAN STADIUM,1 ROYAL WAY,KANSAS CITY,MO,64141,6969,(816) 921-8000,SINGLE USE,OPEN,37903,JACKSON,48239,USA,39.05164007,-94.48042993,711310,PROMOTERS OF PERFORMING ARTS SPORTS AND SIMILAR EVENTS WITH FACILITIES,https://www.mlb.com/royals/ballpark/information,,,,2010-12-01,0,1,0,Salesforce
Sterling Commerce,SCC_2653,196,232,ORIOLE PARK AT CAMDEN YARDS,333 WEST CAMDEN STREET,BALTIMORE,MD,21201,,(410) 685-9800,SINGLE USE,OPEN,45971,BALTIMORE (CITY),24510,USA,39.28395,-76.62156,711310,PROMOTERS OF PERFORMING ARTS SPORTS AND SIMILAR EVENTS WITH FACILITIES,https://www.mlb.com/orioles/ballpark,,,,2015-07-01,0,2,0,Salesforce
Sterling Commerce,SCC_2728,198,234,PETCO PARK,19 TONY GWYNN DRIVE,SAN DIEGO,CA,92101,,(619) 795-5000,SINGLE USE,OPEN,40162,SAN DIEGO,6073,USA,32.70757,-117.15704,711310,PROMOTERS OF PERFORMING ARTS SPORTS AND SIMILAR EVENTS WITH FACILITIES,https://www.mlb.com/padres/ballpark,,,,2012-02-01,0,2,0,Salesforce
Sterling Commerce,SCC_2121,201,237,CITI FIELD,123-01 ROOSEVELT AVENUE,FLUSHING,NY,11368,,(718) 507-6387,SINGLE USE,OPEN,41922,QUEENS,36081,USA,40.75704118,-73.84588983,711310,PROMOTERS OF PERFORMING ARTS SPORTS AND SIMILAR EVENTS WITH FACILITIES,https://www.mlb.com/mets/ballpark,,,,2015-05-01,0,1,0,Salesforce
Sterling Commerce,SCC_2063,207,243,YANKEE STADIUM,EAST 161ST & RIVER AVENUE,BRONX,NY,10451,,(718) 293-4300,MULTIUSE,OPEN,49642,BRONX,36005,USA,40.82963,-73.92624,711310,PROMOTERS OF PERFORMING ARTS SPORTS AND SIMILAR EVENTS WITH FACILITIES,https://www.mlb.com/yankees/ballpark,,,,2016-03-01,0,2,0,Salesforce
Sterling Commerce,SCC_4658,209,245,TARGET FIELD,1 TWINS WAY,MINNEAPOLIS,MN,55415,1599,(612) 659-3400,SINGLE USE,OPEN,38649,HENNEPIN,27053,USA,44.98175,-93.27777,711310,PROMOTERS OF PERFORMING ARTS SPORTS AND SIMILAR EVENTS WITH FACILITIES,https://www.mlb.com/twins/ballpark,,,,2017-09-01,0,1,0,Salesforce
Sterling Commerce,SCC_2646,221,258,THE GOLF CLUB AT DOVE MOUNTAIN,6501 WEST BOULDER BRIDGE PASS,MARANA,AZ,85658,,(520) 572-3500,SINGLE USE,OPEN,-999,PIMA,4019,USA,32.47093365,-111.104505,713910,GOLF COURSES AND COUNTRY CLUBS,https://www.thegolfclubatdovemountain.com/,,,RITZ-CARLTON GOLF CLUB,2015-10-01,0,2,0,Salesforce
Sterling Commerce,SCC_4682,224,261,TOURNAMENT PLAYERS CLUB OF SAN ANTONIO,23808 RESORT PARKWAY,SAN ANTONIO,TX,78259,,(210) 491-5800,SINGLE USE,OPEN,-999,BEXAR,48029,USA,29.66665184,-98.40062275,713910,GOLF COURSES AND COUNTRY CLUBS,https://tpc.com/sanantonio/,,,,2010-01-01,0,2,0,Salesforce
Sterling Commerce,SCC_1530,227,264,COLONIAL COUNTRY CLUB,3735 COUNTRY CLUB CIRCLE,FORT WORTH,TX,76109,,(817) 927-4200,SINGLE USE,OPEN,-999,TARRANT,48439,USA,32.71705002,-97.37279472,713910,GOLF COURSES AND COUNTRY CLUBS,https://www.colonialfw.com/,,,,2017-04-01,0,1,0,Salesforce
Sterling Commerce,SCC_1932,228,265,TOURNAMENT PLAYERS CLUB AT FOUR SEASONS RESORT LAS COLINAS,4150 NORTH MACARTHUR BOULEVARD,IRVING,TX,75038,,(972) 717-0700,SINGLE USE,OPEN,-999,DALLAS,48113,USA,32.86240128,-96.95837392,713910,GOLF COURSES AND COUNTRY CLUBS,https://www.fourseasons.com/dallas/golf/courses/tpc_four_seasons_las_colinas/,,,,2016-08-01,0,2,0,Salesforce
Sterling Commerce,SCC_1374,229,266,TOURNAMENT PLAYERS CLUB SOUTHWIND,3325 CLUB AT SOUTHWIND,MEMPHIS,TN,38125,,(901) 748-0534,SINGLE USE,OPEN,-999,SHELBY,47157,USA,35.05720653,-89.77929423,713910,GOLF COURSES AND COUNTRY CLUBS,http://www.tpc.com/southwind/,,,,2016-01-01,0,3,0,Salesforce
Sterling Commerce,SCC_1865,232,269,VALHALLA GOLF CLUB,15503 SHELBYVILLE ROAD,LOUISVILLE,KY,40243,,(502) 245-4475,SINGLE USE,OPEN,-999,JEFFERSON,21111,USA,38.24259373,-85.47200719,713910,GOLF COURSES AND COUNTRY CLUBS,https://www.valhallagolfclub.com/,,,,2017-09-01,0,2,0,Salesforce
Sterling Commerce,SCC_3498,234,271,GREENBRIAR GOLF CLUB,300 WEST MAIN STREET,WHITE SULPHUR SPRINGS,WV,24986,,(304) 536-1110,SINGLE USE,OPEN,-999,GREENBRIER,54025,USA,37.78697789,-80.31424212,713910,GOLF COURSES AND COUNTRY CLUBS,http://www.greenbrier.com/golf/the-golf-club.aspx,,,,2015-07-01,0,3,0,Salesforce
Sterling Commerce,SCC_4051,235,272,QUAIL HOLLOW COUNTRY CLUB,3700 GLEN EAGLES ROAD,CHARLOTTE,NC,28210,,(704) 552-1800,SINGLE USE,OPEN,-999,MECKLENBURG,37119,USA,35.11641447,-80.84251148,713910,GOLF COURSES AND COUNTRY CLUBS,http://www.clubcorp.com/Clubs/Quail-Hollow-Country-Club,,,,2014-07-01,0,3,0,Salesforce
Sterling Commerce,SCC_4257,238,275,TOURNAMENT PLAYERS CLUB SAWGRASS,110 CHAMPIONSHIP WAY,PONTE VEDRA BEACH,FL,32082,,(904) 273-3235,SINGLE USE,OPEN,-999,ST. JOHNS,12109,USA,30.19890024,-81.39484099,713910,GOLF COURSES AND COUNTRY CLUBS,https://tpc.com/sawgrass/,,,,2017-03-01,0,1,0,Salesforce
Sterling Commerce,SCC_1264,240,277,AUGUSTA NATIONAL GOLF COURSE,807 EISENHOWER DRIVE,AUGUSTA,GA,30904,,(706) 737-4067,SINGLE USE,OPEN,-999,RICHMOND,13245,USA,33.50291977,-82.01965883,713910,GOLF COURSES AND COUNTRY CLUBS,http://www.masters.com/en_US/index.html,,,,2019-10-01,0,2,0,Salesforce
Sterling Commerce,SCC_1531,243,280,TOURNAMENT PLAYERS CLUB OF LOUISIANA,11001 LAPALCO BOULEVARD,AVONDALE,LA,70094,,(504) 436-8721,SINGLE USE,OPEN,-999,JEFFERSON,22051,USA,29.90239659,-90.18926283,713910,GOLF COURSES AND COUNTRY CLUBS,https://tpc.com/louisiana/,,,,2017-04-01,0,2,0,Salesforce
Sterling Commerce,SCC_4427,244,281,BAY HILL CLUB & LODGE,9000 BAY HILL BOULEVARD,ORLANDO,FL,32819,,(888) 422-9445,SINGLE USE,OPEN,-999,ORANGE,12095,USA,28.45851403,-81.51103711,713910,GOLF COURSES AND COUNTRY CLUBS,https://www.bayhill.com/index.php,,,,2018-05-01,0,3,0,Salesforce
Sterling Commerce,SCC_1979,246,283,PGA NATIONAL GOLF CLUB,400 AVE OF THE CHAMPIONS,PALM BEACH GARDENS,FL,33418,,(561) 627-1800,SINGLE USE,OPEN,-999,PALM BEACH,12099,USA,26.82901026,-80.14103885,713910,GOLF COURSES AND COUNTRY CLUBS,http://www.pgaresort.com/,,,,2017-11-01,0,3,0,Salesforce
Sterling Commerce,SCC_1096,254,291,DAYTONA INTERNATIONAL SPEEDWAY,1801 WEST INTERNATIONAL SPEEDWAY,DAYTONA BEACH,FL,32114,,(800) 748-7467,SINGLE USE,OPEN,101500,VOLUSIA,12127,USA,29.1851,-81.07139,711212,RACETRACKS,http://www.daytonainternationalspeedway.com/,,,,2011-05-01,0,3,0,Salesforce
Sterling Commerce,SCC_2500,255,378,AUTO CLUB SPEEDWAY,9300 CHERRY AVENUE,FONTANA,CA,92335,,(909) 429-5000,MULTIUSE,OPEN,68000,SAN BERNARDINO,6071,USA,34.08850929,-117.5007228,711212,RACETRACKS,http://www.autoclubspeedway.com/,,,CALIFORNIA SPEEDWAY,2017-09-01,0,1,0,Salesforce
Sterling Commerce,SCC_4908,257,294,ATLANTA MOTOR SPEEDWAY,1500 TARA PLACE,HAMPTON,GA,30228,,(770) 946-4211,SINGLE USE,OPEN,75000,HENRY,19087,USA,33.38373278,-84.31785386,711212,RACETRACKS,http://www.atlantamotorspeedway.com/,,,,2015-02-01,0,3,0,Salesforce
Sterling Commerce,SCC_4307,261,398,ISM RACEWAY,7602 SOUTH AVONDALE BLVD,PHOENIX,AZ,85323,9514,(623) 772-2000,MULTIUSE,OPEN,45000,MARICOPA,4013,USA,33.37510237,-112.3116174,711212,RACETRACKS,http://www.ismraceway.com/,,,PHOENIX INTERNATIONAL RACEWAY,2012-03-01,0,2,0,Salesforce
Sterling Commerce,SCC_3138,262,299,TALLADEGA SUPERSPEEDWAY,3366 SPEEDWAY BOULEVARD,TALLADEGA,AL,35160,,(877) 462-3342,SINGLE USE,OPEN,80000,TALLADEGA,1121,USA,33.56926,-86.06645,711212,RACETRACKS,http://www.talladegasuperspeedway.com/,,,,2015-12-01,0,3,0,Salesforce
Sterling Commerce,SCC_4518,264,301,DARLINGTON RACEWAY,1301 HARRY BYRD HIGHWAY,DARLINGTON,SC,29532,,(843) 395-8900,SINGLE USE,OPEN,58000,DARLINGTON,45031,USA,34.29535,-79.90603,711212,RACETRACKS,http://www.darlingtonraceway.com/?homepage=true,,,,2015-03-01,0,3,0,Salesforce
Sterling Commerce,SCC_3300,266,303,DOVER INTERNATIONAL SPEEDWAY,1131 NORTH DUPONT HIGHWAY,DOVER,DE,19901,,(302) 883-6500,SINGLE USE,OPEN,95500,KENT,48263,USA,39.18989616,-75.53051043,711212,RACETRACKS,http://www.doverspeedway.com/,,,,2019-06-01,0,3,0,Salesforce
Sterling Commerce,SCC_2626,270,369,CHICAGOLAND SPEEDWAY,500 SPEEDWAY BOULEVARD,JOLIET,IL,60433,,(815) 722-5500,SINGLE USE,OPEN,75000,WILL,17197,USA,41.47427975,-88.05925464,711212,RACETRACKS,http://www.chicagolandspeedway.com/?homepage=true,,,,2016-05-01,0,1,0,Salesforce
Sterling Commerce,SCC_2400,273,408,WATKINS GLEN INTERNATIONAL,2790 COUNTY ROUTE 16,WATKINS GLEN,NY,14891,,(607) 535-2486,SINGLE USE,OPEN,41000,SCHUYLER,29197,USA,42.33617,-76.92599,711212,RACETRACKS,http://www.theglen.com/?homepage=true,,,,2011-06-01,0,1,0,Salesforce
Sterling Commerce,SCC_2445,281,341,HONDA CENTER,2695 EAST KATELLA AVENUE,ANAHEIM,CA,92806,5904,(714) 704-2400,SINGLE USE,OPEN,17174,ORANGE,48361,USA,33.80786027,-117.8764797,711310,PROMOTERS OF PERFORMING ARTS SPORTS AND SIMILAR EVENTS WITH FACILITIES,http://hondacenter.com/default.aspx,THE POND,,,2013-10-01,0,1,0,Salesforce
Sterling Commerce,SCC_1026,284,344,KEYBANK CENTER,1 SEYMOUR H. KNOX III PLAZA,BUFFALO,NY,14203,3007,(716) 855-4100,SINGLE USE,OPEN,19070,ERIE,39043,USA,42.87506822,-78.87651428,711310,PROMOTERS OF PERFORMING ARTS SPORTS AND SIMILAR EVENTS WITH FACILITIES,https://www.keybankcenter.com/,,,FIRST NIAGARA CENTER,2019-11-01,0,2,0,Salesforce
Sterling Commerce,SCC_2301,286,348,BB&T CENTER,1 PANTHER PARKWAY,SUNRISE,FL,33323,5315,(954) 835-7000,SINGLE USE,OPEN,19250,BROWARD,12011,USA,26.15848957,-80.32552017,711310,PROMOTERS OF PERFORMING ARTS SPORTS AND SIMILAR EVENTS WITH FACILITIES,http://www.thebbtcenter.com/,,,BANKATLANTIC CENTER,2017-08-01,0,1,0,Salesforce
Sterling Commerce,SCC_3179,292,355,ROGERS ARENA,800 GRIFFITHS WAY,VANCOUVER,BC,V6B 6G1,,(604) 899-7400,SINGLE USE,OPEN,18860,VANCOUVER,5915022,CAN,49.27788409,-123.1087239,711310,PROMOTERS OF PERFORMING ARTS SPORTS AND SIMILAR EVENTS WITH FACILITIES,http://rogersarena.com/,,,CANADA HOCKEY PLACE,2011-12-01,0,1,0,Salesforce
Sterling Commerce,SCC_3725,293,356,ROGERS PLACE,10220 104 AVENUE,EDMONTON,AB,T5J 4Y8,,(790) 920-0555,SINGLE USE,OPEN,18500,EDMONTON,4811061,CAN,53.546969,-113.497739,711310,PROMOTERS OF PERFORMING ARTS SPORTS AND SIMILAR EVENTS WITH FACILITIES,http://www.rogersplace.com/,,,,2019-03-01,0,2,0,Salesforce
Sterling Commerce,SCC_3488,295,359,CANADIAN TIRE CENTRE,1000 PALLADIUM DRIVE,OTTAWA,ON,K2V 1A5,,(613) 599-0100,SINGLE USE,OPEN,17373,OTTAWA-CARLETON,3506008,CAN,45.29694015,-75.92694861,711310,PROMOTERS OF PERFORMING ARTS SPORTS AND SIMILAR EVENTS WITH FACILITIES,http://www.canadiantirecentre.com/,COREL CENTRE,THE BANK,THE BANK,2016-08-01,0,2,0,Salesforce
Sterling Commerce,SCC_2503,297,799,AMERICAN AIRLINES ARENA,601 BISCAYNE BOULEVARD,MIAMI,FL,33132,,(786) 777-1000,SINGLE USE,OPEN,19600,DADE,29057,USA,25.78133057,-80.18791885,711310,PROMOTERS OF PERFORMING ARTS SPORTS AND SIMILAR EVENTS WITH FACILITIES,http://www.americanairlinescenter.com/,,,,2017-02-01,0,1,0,Salesforce
Sterling Commerce,SCC_4433,306,396,PEPSI CENTER,1000 CHOPPER CIRCLE,DENVER,CO,80204,,(303) 405-1100,MULTIUSE,OPEN,19155,DENVER,8031,USA,39.74868381,-105.0076882,711310,PROMOTERS OF PERFORMING ARTS SPORTS AND SIMILAR EVENTS WITH FACILITIES,http://www.pepsicenter.com/,THE CAN,,,2017-05-01,0,1,0,Salesforce
Sterling Commerce,SCC_3072,308,374,UNITED CENTER,1901 WEST MADISON STREET,CHICAGO,IL,60612,,(312) 455-4500,MULTIUSE,OPEN,20917,COOK,27031,USA,41.88071747,-87.67429407,711310,PROMOTERS OF PERFORMING ARTS SPORTS AND SIMILAR EVENTS WITH FACILITIES,http://www.unitedcenter.com/,THE UC,,,2016-03-01,0,3,0,Salesforce
Sterling Commerce,SCC_2281,309,368,PRUDENTIAL CENTER,25 LAFAYETTE STREET,NEWARK,NJ,7102,,(973) 757-6000,MULTIUSE,OPEN,18500,ESSEX,25009,USA,40.73361033,-74.17121902,711310,PROMOTERS OF PERFORMING ARTS SPORTS AND SIMILAR EVENTS WITH FACILITIES,http://www.prucenter.com/,THE ROCK,,,2014-09-01,0,1,0,Salesforce
Sterling Commerce,SCC_1207,312,376,TARGET CENTER,600 FIRST AVENUE NORTH,MINNEAPOLIS,MN,55403,,(612) 673-1300,MULTIUSE,OPEN,19356,HENNEPIN,27053,USA,44.97956108,-93.27612805,711310,PROMOTERS OF PERFORMING ARTS SPORTS AND SIMILAR EVENTS WITH FACILITIES,http://www.targetcenter.com/,,,,2010-02-01,0,1,0,Salesforce
Sterling Commerce,SCC_2538,315,371,BANKERS LIFE FIELDHOUSE,125 SOUTH PENNSYLVANIA STREET,INDIANAPOLIS,IN,46204,,(317) 917-2500,MULTIUSE,OPEN,18165,MARION,41047,USA,39.76401002,-86.15556998,711310,PROMOTERS OF PERFORMING ARTS SPORTS AND SIMILAR EVENTS WITH FACILITIES,https://www.bankerslifefieldhouse.com/,,,CONSECO FIELDHOUSE,2018-04-01,0,3,0,Salesforce
Sterling Commerce,SCC_1821,318,364,AT&T CENTER,1 AT&T CENTER PARKWAY,SAN ANTONIO,TX,78219,,(210) 444-5000,SINGLE USE,OPEN,18418,BEXAR,48029,USA,29.42693063,-98.4374888,711310,PROMOTERS OF PERFORMING ARTS SPORTS AND SIMILAR EVENTS WITH FACILITIES,http://www.attcenter.com/,,,SBC CENTER,2014-03-01,0,2,0,Salesforce
Sterling Commerce,SCC_2456,325,831,XFINITY CENTER,TERRAPIN TRAIL,COLLEGE PARK,MD,20742,,,SINGLE USE,OPEN,17950,PRINCE GEORGE'S,24033,USA,38.99547675,-76.9414189,711310,PROMOTERS OF PERFORMING ARTS SPORTS AND SIMILAR EVENTS WITH FACILITIES,https://umterps.com/news/2016/12/21/208133549.aspx,,,COMCAST CENTER,2012-04-01,0,1,0,Salesforce
Sterling Commerce,SCC_3629,326,832,CONTE FORUM,140 COMMONWEALTH AVENUE,CHESTNUT HILL,MA,2467,,(617) 552-3000,SINGLE USE,OPEN,8606,SUFFOLK,25025,USA,42.33507784,-71.16766592,711310,PROMOTERS OF PERFORMING ARTS SPORTS AND SIMILAR EVENTS WITH FACILITIES,https://bceagles.com/facilities/?id=1,SILVIO O. CONTE FORUM,,,2012-08-01,0,1,0,Salesforce
Sterling Commerce,SCC_1852,328,834,DEAN E. SMITH CENTER,300 SKIPPER BOWLES DRIVE,CHAPEL HILL,NC,27514,,(919) 962-7777,SINGLE USE,OPEN,21750,ORANGE,48361,USA,35.89944504,-79.04378431,711310,PROMOTERS OF PERFORMING ARTS SPORTS AND SIMILAR EVENTS WITH FACILITIES,https://goheels.com/news/2012/10/26/205720085.aspx,SMITH CENTER,,,2013-02-01,0,3,0,Salesforce
Sterling Commerce,SCC_2625,329,835,JOHN PAUL JONES ARENA,295 MASSIE ROAD,CHARLOTTTESVILLE,VA,22903,,(434) 243-4960,SINGLE USE,OPEN,14593,ALBEMARLE,51003,USA,38.04597515,-78.50666904,711310,PROMOTERS OF PERFORMING ARTS SPORTS AND SIMILAR EVENTS WITH FACILITIES,http://johnpauljonesarena.com/,JPJ,,,2019-05-01,0,1,0,Salesforce
Sterling Commerce,SCC_4033,330,836,LAWRENCE JOEL VETERANS MEMORIAL COLISEUM,499 DEACON BOULEVARD,WINSTON-SALEM,NC,27105,,(336) 758-2410,SINGLE USE,OPEN,14665,FORSYTH,13117,USA,36.12787001,-80.25764284,711310,PROMOTERS OF PERFORMING ARTS SPORTS AND SIMILAR EVENTS WITH FACILITIES,http://www.ljvm.com/,LJVM COLISEUM,,,2018-09-01,0,1,0,Salesforce
Sterling Commerce,SCC_1287,341,847,RETRIEVER ACTIVITIES CENTER,ADMINISTRATION DRIVE,BALTIMORE,MD,21250,,(410) 455-1000,SINGLE USE,OPEN,4024,BALTIMORE,24005,USA,39.25282924,-76.7124867,711310,PROMOTERS OF PERFORMING ARTS SPORTS AND SIMILAR EVENTS WITH FACILITIES,http://www.umbcretrievers.com/information/facilities/racarena/index,RAC ARENA,,,2019-03-01,0,3,0,Salesforce
Sterling Commerce,SCC_1689,343,849,A.J. PALUMBO CENTER,1304 FORBES AVENUE,PITTSBURGH,PA,15282,,(412) 396-6058,SINGLE USE,OPEN,4406,ALLEGHENY,42003,USA,40.43744277,-79.98794242,711310,PROMOTERS OF PERFORMING ARTS SPORTS AND SIMILAR EVENTS WITH FACILITIES,https://goduquesne.com/sports/2018/5/24/facilities-duqu-facil-palumbo-html.aspx,PALUMBO CENTER,,,2012-03-01,0,2,0,Salesforce
Sterling Commerce,SCC_1908,345,851,DALE F. HALTON ARENA,9201 UNIVERSITY BOULEVARD,CHARLOTTE,NC,28223,,(704) 687-1100,SINGLE USE,OPEN,9105,MECKLENBURG,37119,USA,35.30624668,-80.73444486,711310,PROMOTERS OF PERFORMING ARTS SPORTS AND SIMILAR EVENTS WITH FACILITIES,https://haltonarena.uncc.edu/,JAMES H. BARNHARDT STUDENT ACTIVITY CTR,,,2010-06-01,0,3,0,Salesforce
Sterling Commerce,SCC_2314,361,867,J. OLLIE EDMUNDS CENTER,143 EAST PENNSYLVANIA AVENUE,DELAND,FL,32723,,(386) 822-8100,SINGLE USE,OPEN,5000,VOLUSIA,12127,USA,29.03961433,-81.30180317,711310,PROMOTERS OF PERFORMING ARTS SPORTS AND SIMILAR EVENTS WITH FACILITIES,https://gohatters.com/sports/2006/12/27/735015.aspx,EDMUNDS CENTER,,,2013-08-01,0,1,0,Salesforce
Sterling Commerce,SCC_1150,364,870,JACKSONVILLE VETERANS MEMORIAL ARENA,300 A. PHILIP RANDOLPH BOULEVARD,JACKSONVILLE,FL,32211,,(904) 630-3900,SINGLE USE,OPEN,15000,DUVAL,48131,USA,30.32576229,-81.6450548,711310,PROMOTERS OF PERFORMING ARTS SPORTS AND SIMILAR EVENTS WITH FACILITIES,http://www.jaxarena.com/,THE VET,,,2019-10-01,0,2,0,Salesforce
Sterling Commerce,SCC_2687,369,875,CU EVENTS CENTER,950 REGENT DRIVE,BOULDER,CO,80303,,(303) 492-5316,SINGLE USE,OPEN,11064,BOULDER,8013,USA,40.00466996,-105.2605875,711310,PROMOTERS OF PERFORMING ARTS SPORTS AND SIMILAR EVENTS WITH FACILITIES,https://cubuffs.com/facilities/?id=2,COORS EVENTS CENTER,,,2014-09-01,0,2,0,Salesforce
Sterling Commerce,SCC_4553,370,876,FERRELL CENTER,1900 S. UNIVERSITY PARKS DRIVE,WACO,TX,76706,,(254) 710-1915,SINGLE USE,OPEN,10284,MCLENNAN,48309,USA,31.54795311,-97.10573587,711310,PROMOTERS OF PERFORMING ARTS SPORTS AND SIMILAR EVENTS WITH FACILITIES,https://www.baylor.edu/athleticfacilities/index.php?id=860073,,,,2012-07-01,0,3,0,Salesforce
Sterling Commerce,SCC_2896,376,882,MIZZOU ARENA,1 CHAMPIONS DRIVE,COLUMBIA,MO,65203,,(573) 882-6501,SINGLE USE,OPEN,15061,BOONE,31011,USA,38.93243595,-92.33384394,711310,PROMOTERS OF PERFORMING ARTS SPORTS AND SIMILAR EVENTS WITH FACILITIES,https://mutigers.com/facilities/?id=2,,,,2011-01-01,0,2,0,Salesforce
Sterling Commerce,SCC_2331,378,884,TIMES UNION CENTER,51 SOUTH PEARL STREET,ALBANY,NY,12207,,(518) 487-2000,SINGLE USE,OPEN,15229,ALBANY,56001,USA,42.6486235,-73.75478898,711310,PROMOTERS OF PERFORMING ARTS SPORTS AND SIMILAR EVENTS WITH FACILITIES,https://www.timesunioncenter-albany.com/,PEPSI ARENA,KNICKERBOCKER ARENA,PEPSI ARENA,2016-04-01,0,3,0,Salesforce
Sterling Commerce,SCC_3837,381,887,JAMES A. RHODES ARENA,373 CARROLL  STREET,AKRON,OH,44325,,(330) 972-6920,SINGLE USE,OPEN,5500,SUMMIT,49043,USA,41.07587345,-81.50869338,711310,PROMOTERS OF PERFORMING ARTS SPORTS AND SIMILAR EVENTS WITH FACILITIES,https://gozips.com/sports/2017/5/25/athletics-facilities-JAR.aspx,,,,2010-12-01,0,3,0,Salesforce
Sterling Commerce,SCC_3869,385,891,ARENA-AUDITORIUM,EAST WILLET STREET AND NORTH 19TH STREET,LARAMIE,WY,82072,,(307) 766-7220,SINGLE USE,OPEN,11612,ALBANY,56001,USA,41.31335056,-105.5695028,711310,PROMOTERS OF PERFORMING ARTS SPORTS AND SIMILAR EVENTS WITH FACILITIES,https://gowyo.com/facilities/?id=3,,,,2015-05-01,0,1,0,Salesforce
Sterling Commerce,SCC_2085,388,894,STEINBERG WELLNESS CENTER,168 ASHLAND PLACE,BROOKLYN,NY,11201,,(718) 488-3302,SINGLE USE,OPEN,2500,KINGS,6031,USA,40.69066998,-73.97919996,711310,PROMOTERS OF PERFORMING ARTS SPORTS AND SIMILAR EVENTS WITH FACILITIES,https://liuathletics.com/sports/2007/7/6/WellnessCenter.aspx,ARNOLD AND MARIE SCHWARTZ ATHLETIC CENTER,WRAC,WELLNESS RECREATION AND ATHLETIC CENTER,2016-01-01,0,1,0,Salesforce
Sterling Commerce,SCC_1605,391,897,STATE FARM CENTER,1800 SOUTJ 605 1ST STREET,CHAMPAIGN,IL,61820,,(217) 333-2923,SINGLE USE,OPEN,17085,CHAMPAIGN,17019,USA,40.09624865,-88.23593759,711310,PROMOTERS OF PERFORMING ARTS SPORTS AND SIMILAR EVENTS WITH FACILITIES,http://premiumseating.fightingillini.com/statefarmcenter/index.html,,,ASSEMBLY HALL,2016-11-01,0,3,0,Salesforce
Sterling Commerce,SCC_4831,392,898,ASSEMBLY HALL,1001 EAST 17TH STREET,BLOOMINGTON,IN,47408,,(812) 855-4848,SINGLE USE,OPEN,17222,MONROE,55081,USA,39.18092799,-86.52210999,711310,PROMOTERS OF PERFORMING ARTS SPORTS AND SIMILAR EVENTS WITH FACILITIES,http://www.iuhoosiers.com/facilities/ind-facilities-assembly.html,,,,2017-12-01,0,1,0,Salesforce
Sterling Commerce,SCC_1553,403,909,ALLAN P. KIRBY SPORTS CENTER,700 PIERCE STREET,EASTON,PA,18402,,(610) 330-5470,SINGLE USE,OPEN,2644,NORTHAMPTON,51131,USA,40.70193725,-75.2106283,711310,PROMOTERS OF PERFORMING ARTS SPORTS AND SIMILAR EVENTS WITH FACILITIES,http://www.goleopards.com/sports/2018/7/26/_facilities_kirby_center_html.aspx,KIRBY SPORTS CENTER,,,2010-11-01,0,3,0,Salesforce
Sterling Commerce,SCC_4089,406,912,CHRISTL ARENA,700 MILLS ROAD,WEST POINT,NY,10996,,,SINGLE USE,OPEN,5043,ORANGE,48361,USA,41.38639677,-73.96552737,711310,PROMOTERS OF PERFORMING ARTS SPORTS AND SIMILAR EVENTS WITH FACILITIES,https://goarmywestpoint.com/sports/2015/3/6/GEN_201401014.aspx?id=4,HOLLEDER CENTER,,,2014-08-01,0,3,0,Salesforce
Sterling Commerce,SCC_3035,410,916,AMERICAN BANK CENTER,1901 SHORELINE BOULEVARD,CORPUS CHRISTI,TX,78401,,(361) 826-4700,SINGLE USE,OPEN,8000,NUECES,48355,USA,27.80730642,-97.39349116,711310,PROMOTERS OF PERFORMING ARTS SPORTS AND SIMILAR EVENTS WITH FACILITIES,http://americanbankcenter.com/home/,,,,2013-01-01,0,1,0,Salesforce
Sterling Commerce,SCC_3310,415,921,T.M. ELMORE GYMNASIUM,DAVIS ROAD NORTHEAST,NORMAL,AL,35811,,(256) 372-5000,SINGLE USE,OPEN,6000,MADISON,30057,USA,34.78527948,-86.5752012,711310,PROMOTERS OF PERFORMING ARTS SPORTS AND SIMILAR EVENTS WITH FACILITIES,https://aamusports.com/sports/2013/6/19/T.%20M.%20Elmore.aspx?id=34,,,,2015-05-01,0,2,0,Salesforce
Sterling Commerce,SCC_1873,419,380,PPG PAINTS ARENA,1001 FIFTH AVENUE,PITTSBURGH,PA,15219,,(412) 642-1800,MULTIUSE,OPEN,19000,ALLEGHENY,42003,USA,40.43958382,-79.98944696,711310,PROMOTERS OF PERFORMING ARTS SPORTS AND SIMILAR EVENTS WITH FACILITIES,http://www.ppgpaintsarena.com/,,,CONSOL ENERGY CENTER,2013-10-01,0,3,0,Salesforce
Sterling Commerce,SCC_3554,420,926,MCCANN FIELD HOUSE,3399 N RD,POUGHKEEPSIE,NY,12601,,(845) 575-3699,SINGLE USE,OPEN,3200,DUTCHESS,36027,USA,41.71744272,-73.93537742,711310,PROMOTERS OF PERFORMING ARTS SPORTS AND SIMILAR EVENTS WITH FACILITIES,https://goredfoxes.com/facilities/?id=6,MCCANN FIELD HOUSE,,,2011-12-01,0,2,0,Salesforce
Sterling Commerce,SCC_1104,428,934,CORBETT SPORTS CENTER,1601 EAST MARKET STREET,GREENSBORO,NC,27401,,(336) 334-7712,SINGLE USE,OPEN,5700,GUILFORD,37081,USA,36.0767521,-79.76882564,711310,PROMOTERS OF PERFORMING ARTS SPORTS AND SIMILAR EVENTS WITH FACILITIES,http://www.ncataggies.com/ViewArticle.dbml?&DB_OEM_ID=24500&ATCLID=204936497,ELLIS F. CORBETT SPORTS CENTER,,,2012-01-01,0,2,0,Salesforce
Sterling Commerce,SCC_2466,429,935,ALFRED LAWSON CENTER,1800 WAHNISH WAY,TALLAHASSEE,FL,32301,,(850) 412-5966,SINGLE USE,OPEN,9639,LEON,48289,USA,30.4242644,-84.29052385,711310,PROMOTERS OF PERFORMING ARTS SPORTS AND SIMILAR EVENTS WITH FACILITIES,http://www.famuathletics.com/ViewArticle.dbml?ATCLID=205111952,ALFRED LAWSON JR. MULTIPURPOSE CENTER,,,2017-12-01,0,1,0,Salesforce
Sterling Commerce,SCC_1567,430,936,TALMADGE L. HILL FIELD HOUSE,1700 EAST COLD SPRING LANE,BALTIMORE,MD,21239,,(443) 885-3333,SINGLE USE,OPEN,4250,BALTIMORE (CITY),24510,USA,39.34236117,-76.58534382,711310,PROMOTERS OF PERFORMING ARTS SPORTS AND SIMILAR EVENTS WITH FACILITIES,http://www.morganstatebears.com/sports/2003/7/17/Directions.aspx?&tab=3,HILL FIELD HOUSE,,,2014-12-01,0,3,0,Salesforce
Sterling Commerce,SCC_2962,431,937,JOSEPH ECHOLS MEMORIAL HALL,700 PARK AVE,NORFOLK,VA,23504,,(757) 823-8600,SINGLE USE,OPEN,4500,NORFOLK,25021,USA,36.84807225,-76.25815107,711310,PROMOTERS OF PERFORMING ARTS SPORTS AND SIMILAR EVENTS WITH FACILITIES,https://nsuspartans.com/sports/2007/10/25/GEN_1025075917.aspx?,,,,2017-02-01,0,1,0,Salesforce
Sterling Commerce,SCC_1789,438,944,VIEJAS ARENA,5500 CANYON CREST DRIVE,SAN DIEGO,CA,92115,,(619) 594-0234,SINGLE USE,OPEN,12414,SAN DIEGO,6073,USA,32.7738017,-117.0745168,711310,PROMOTERS OF PERFORMING ARTS SPORTS AND SIMILAR EVENTS WITH FACILITIES,https://www.as.sdsu.edu/viejas_arena/,COX ARENA,,,2014-03-01,0,3,0,Salesforce
Sterling Commerce,SCC_1707,440,946,HUNTSMAN CENTER,1825 EAST SOUTH CAMPUS ROAD,SALT LAKE CITY,UT,84112,,(801) 581-5445,SINGLE USE,OPEN,15000,SALT LAKE,49035,USA,40.76206938,-111.8387763,711310,PROMOTERS OF PERFORMING ARTS SPORTS AND SIMILAR EVENTS WITH FACILITIES,http://stadium.utah.edu/about/arena/,JON M. HUNTSMAN CENTER,,,2012-02-01,0,3,0,Salesforce
Sterling Commerce,SCC_1318,444,950,KNOTT ARENA,16300 OLD EMMITSBURG ROAD,EMMITSBURG,MD,21727,,(301) 447-5290,SINGLE USE,OPEN,3121,FREDERICK,51069,USA,39.67949885,-77.34642213,711310,PROMOTERS OF PERFORMING ARTS SPORTS AND SIMILAR EVENTS WITH FACILITIES,http://www.msmary.edu/student-life/recreation/ARCC/,,,,2018-07-01,0,2,0,Salesforce
Sterling Commerce,SCC_4225,447,953,JENNY CRAIG PAVILION,5998 ALCALA PARK WAY,SAN DIEGO,CA,92110,,(619) 260-7550,SINGLE USE,OPEN,5100,SAN DIEGO,6073,USA,32.77444451,-117.1837721,711310,PROMOTERS OF PERFORMING ARTS SPORTS AND SIMILAR EVENTS WITH FACILITIES,https://usdtoreros.com/sports/2018/5/23/facilities-usd-10-facilities-html.aspx,SLIM GYM,,,2018-10-01,0,3,0,Salesforce
Sterling Commerce,SCC_1681,448,954,LEAVEY CENTER,500 EL CAMINO REAL,SANTA CLARA,CA,95053,,,SINGLE USE,OPEN,4700,SANTA CLARA,6085,USA,37.34916785,-121.9352463,711310,PROMOTERS OF PERFORMING ARTS SPORTS AND SIMILAR EVENTS WITH FACILITIES,https://www.santaclarabroncos.com/information/facilities/leavey,LEAVEY EVENT CENTER,TOSO PAVILION,,2011-11-01,0,3,0,Salesforce
Sterling Commerce,SCC_3081,452,959,FIFTH THIRD ARENA AT SHOEMAKER CENTER,2700 O'VARSITY WAY,CINCINNATI,OH,45221,,(513) 556-2170,SINGLE USE,OPEN,13176,HAMILTON,20075,USA,39.13114158,-84.51416219,711310,PROMOTERS OF PERFORMING ARTS SPORTS AND SIMILAR EVENTS WITH FACILITIES,https://gobearcats.com/facilities/?id=1003,,,,2012-09-01,0,2,0,Salesforce
Sterling Commerce,SCC_2715,453,960,KFC YUM! CENTER,1 ARENA PLAZA,LOUISVILLE,KY,40202,,(502) 690-9000,SINGLE USE,OPEN,22090,JEFFERSON,22051,USA,38.25782064,-85.75373386,711310,PROMOTERS OF PERFORMING ARTS SPORTS AND SIMILAR EVENTS WITH FACILITIES,http://www.kfcyumcenter.com/,,,,2017-12-01,0,2,0,Salesforce
Sterling Commerce,SCC_2017,454,961,GAMPEL PAVILION,2098 HILLSIDE ROAD,STORRS,CT,6269,,(860) 486-2724,SINGLE USE,OPEN,9882,TOLLAND,9013,USA,41.80525114,-72.25450072,711310,PROMOTERS OF PERFORMING ARTS SPORTS AND SIMILAR EVENTS WITH FACILITIES,https://uconnhuskies.com/facilities/?id=3,HARRY A. GAMPEL PAVILION,,,2012-08-01,0,1,0,Salesforce
Sterling Commerce,SCC_3084,462,969,CAMERON HALL,302 CAMERON HALL,LEXINGTON,VA,24450,,(540) 464-7230,SINGLE USE,OPEN,5800,LEXINGTON,51678,USA,37.78851516,-79.43653466,711310,PROMOTERS OF PERFORMING ARTS SPORTS AND SIMILAR EVENTS WITH FACILITIES,http://www.vmikeydets.com/ViewArticle.dbml?DB_OEM_ID=9800&ATCLID=204808792,,,,2019-07-01,0,1,0,Salesforce
Sterling Commerce,SCC_3411,465,972,CARVER-HAWKEYE ARENA,1 ELLIOTT DRIVE,IOWA CITY,IA,52242,,(319) 335-9431,SINGLE USE,OPEN,15500,JOHNSON,56019,USA,41.66375897,-91.55457999,711310,PROMOTERS OF PERFORMING ARTS SPORTS AND SIMILAR EVENTS WITH FACILITIES,https://hawkeyesports.com/sports/2016/6/13/facilities-iowa-carver-hawkeye-html.aspx,,,,2016-09-01,0,1,0,Salesforce
Sterling Commerce,SCC_2541,473,980,CONVOCATION CENTER (VIRGINIA),895 UNIVERSITY BLVD,HARRISONBURG,VA,22807,,,SINGLE USE,OPEN,6426,HARRISONBURG,51660,USA,38.43186143,-78.86886449,711310,PROMOTERS OF PERFORMING ARTS SPORTS AND SIMILAR EVENTS WITH FACILITIES,https://jmusports.com/facilities/?id=5,,,,2019-01-01,0,2,0,Salesforce
Sterling Commerce,SCC_4802,474,981,GSU SPORTS ARENA,125 DECATUR STREET SE,ATLANTA,GA,30303,,(404) 413-4009,SINGLE USE,OPEN,3455,FULTON,17057,USA,33.75160572,-84.38626258,711310,PROMOTERS OF PERFORMING ARTS SPORTS AND SIMILAR EVENTS WITH FACILITIES,http://www.georgiastatesports.com/ViewArticle.dbml?ATCLID=205155090,,,,2013-09-01,0,3,0,Salesforce
Sterling Commerce,SCC_1332,475,982,DAVID S. MACK SPORTS AND EXHIBITION COMPLEX,245 HOFSTRA UNIVERSITY,HEMPSTEAD,NY,11549,,(516) 463-6671,SINGLE USE,OPEN,5023,NASSAU,12089,USA,40.71966542,-73.59685304,711310,PROMOTERS OF PERFORMING ARTS SPORTS AND SIMILAR EVENTS WITH FACILITIES,https://gohofstra.com/sports/2014/8/22/GEN_0822145306.aspx?id=72,MACK SPORTS COMPLEX,,HOFSTRA ARENA,2015-01-01,0,3,0,Salesforce
Sterling Commerce,SCC_2817,481,381,FEDEX FORUM,191 BEALE STREET,MEMPHIS,TN,38103,,(901) 205-2525,MULTIUSE,OPEN,18400,SHELBY,19165,USA,35.13822085,-90.05038493,711310,PROMOTERS OF PERFORMING ARTS SPORTS AND SIMILAR EVENTS WITH FACILITIES,https://fedexforum.com/homepage.aspx,,,,2013-03-01,0,3,0,Salesforce
Sterling Commerce,SCC_4597,482,989,DEVLIN FIELDHOUSE,MCALISTER AT FRERET STREET,NEW ORLEANS,LA,70118,,(504) 865-5000,SINGLE USE,OPEN,4100,ORLEANS,22071,USA,29.93910925,-90.12068252,711310,PROMOTERS OF PERFORMING ARTS SPORTS AND SIMILAR EVENTS WITH FACILITIES,https://tulanegreenwave.com/facilities/?id=11,AVRON B. FOGELMAN ARENA,,FOGELMAN ARENA,2017-02-01,0,2,0,Salesforce
Sterling Commerce,SCC_3327,485,992,BEEGHLY PHYSICAL EDUCATION CENTER,224 W SPRING ST,YOUNGSTOWN,OH,44502,,(330) 941-1978,SINGLE USE,OPEN,6300,MAHONING,39099,USA,41.10824303,-80.64883739,711310,PROMOTERS OF PERFORMING ARTS SPORTS AND SIMILAR EVENTS WITH FACILITIES,http://www.ysusports.com/information/facilities/beeghly_center,BEEGHLY CENTER,,,2018-08-01,0,3,0,Salesforce
Sterling Commerce,SCC_4924,489,996,JOSEPH J. GENTILE CENTER,6511 NORTH WINTHROP ROAD,CHICAGO,IL,60626,,(773) 508-2610,SINGLE USE,OPEN,5200,COOK,27031,USA,42.00059002,-87.65906,711310,PROMOTERS OF PERFORMING ARTS SPORTS AND SIMILAR EVENTS WITH FACILITIES,https://loyolaramblers.com/sports/2017/5/25/facilities-loyc-gentile-html.aspx,,,,2010-11-01,0,2,0,Salesforce
Sterling Commerce,SCC_2137,497,1004,DRADDY GYMNASIUM,W 244TH ST,RIVERDALE,NY,10471,,,SINGLE USE,OPEN,2345,BRONX,36005,USA,40.89073182,-73.90026959,711310,PROMOTERS OF PERFORMING ARTS SPORTS AND SIMILAR EVENTS WITH FACILITIES,https://gojaspers.com/facilities/?id=1,,,,2018-10-01,0,2,0,Salesforce
Sterling Commerce,SCC_4109,499,1006,DUNN CENTER,ROBB AVENUE AND MARION STREET,CLARKSVILLE,TN,37040,,(931) 221-7127,SINGLE USE,OPEN,7257,MONTGOMERY,20125,USA,36.53628187,-87.35665897,711310,PROMOTERS OF PERFORMING ARTS SPORTS AND SIMILAR EVENTS WITH FACILITIES,https://letsgopeay.com/facilities/?id=1,DAVE AARON ARENA,,,2016-01-01,0,1,0,Salesforce
Sterling Commerce,SCC_2732,507,1014,GALEN CENTER,3400 S FIGUEROSA ST,LOS ANGELES,CA,90089,,(213) 740-0626,SINGLE USE,OPEN,10258,LOS ANGELES,6037,USA,34.02100001,-118.27966,711310,PROMOTERS OF PERFORMING ARTS SPORTS AND SIMILAR EVENTS WITH FACILITIES,http://www.galencenter.org/,,,,2014-05-01,0,1,0,Salesforce
Sterling Commerce,SCC_4824,509,1016,COTTERELL COURT,13 OAK DRIVE,HAMILTON,NY,13346,,,SINGLE USE,OPEN,1750,MADISON,30057,USA,42.814938,-75.54270202,711310,PROMOTERS OF PERFORMING ARTS SPORTS AND SIMILAR EVENTS WITH FACILITIES,https://gocolgateraiders.com/sports/2005/12/13/Cotterell.aspx,REID ATHLETIC CENTER,,,2014-08-01,0,2,0,Salesforce
Sterling Commerce,SCC_2091,512,1019,COLONIAL LIFE ARENA,801 LINCOLN STREET,COLUMBIA,SC,29201,,(803) 576-9200,SINGLE USE,OPEN,18000,RICHLAND,30083,USA,33.99479853,-81.03735868,711310,PROMOTERS OF PERFORMING ARTS SPORTS AND SIMILAR EVENTS WITH FACILITIES,https://www.coloniallifearena.com/,COLONIAL LIFE ARENA,,COLONIAL CENTER,2019-10-01,0,1,0,Salesforce
Sterling Commerce,SCC_4892,513,1020,HUMPHREY COLISEUM,55 COLISEUM BOULEVARD,STARKSVILLE,MS,39762,,(662) 325-4201,SINGLE USE,OPEN,10575,OKTIBBEHA,28105,USA,33.46174387,-88.79406,711310,PROMOTERS OF PERFORMING ARTS SPORTS AND SIMILAR EVENTS WITH FACILITIES,https://www.humphreycoliseum.msstate.edu/,,,,2011-03-01,0,2,0,Salesforce
Sterling Commerce,SCC_4760,514,1021,BELK ARENA,200 BAKER DRIVE,DAVIDSON,NC,28036,,(704) 894-2000,SINGLE USE,OPEN,5700,MECKLENBURG,37119,USA,35.49925924,-80.84042395,711310,PROMOTERS OF PERFORMING ARTS SPORTS AND SIMILAR EVENTS WITH FACILITIES,https://davidsonwildcats.com/sports/2007/8/24/FacilArena.aspx,JOHN M. BELK ARENA,,,2013-10-01,0,1,0,Salesforce
Sterling Commerce,SCC_1389,518,1025,BURTON COLISEUM,7001 GULF HIGHWAY,LAKE CHARLES,LA,70607,,(337) 721-4090,SINGLE USE,OPEN,8500,CALCASIEU,22019,USA,30.13701732,-93.21155485,711310,PROMOTERS OF PERFORMING ARTS SPORTS AND SIMILAR EVENTS WITH FACILITIES,https://mcneesesports.com/facilities/?id=1,,,,2011-03-01,0,3,0,Salesforce
Sterling Commerce,SCC_1390,519,1026,FARRIS CENTER,BRUCE STREET AND WESTERN AVENUE,CONWAY,AR,72034,,,SINGLE USE,OPEN,6000,FAULKNER,5045,USA,35.08190522,-92.45956541,711310,PROMOTERS OF PERFORMING ARTS SPORTS AND SIMILAR EVENTS WITH FACILITIES,https://ucasports.com/sports/2010/8/9/MBB_0809101251.aspx?path=mbball,,,,2015-12-01,0,3,0,Salesforce
Sterling Commerce,SCC_4410,520,1027,E.A. DIDDLE ARENA,1526 AVENUE OF CHAMPIONS,BOWLING GREEN,KY,42107,,(270) 745-5222,SINGLE USE,OPEN,7500,WARREN,28149,USA,36.98632342,-86.45776562,711310,PROMOTERS OF PERFORMING ARTS SPORTS AND SIMILAR EVENTS WITH FACILITIES,http://www.hilltopperhaven.com/arena/index.html,,,,2011-10-01,0,1,0,Salesforce
Sterling Commerce,SCC_2719,522,1029,FAU ARENA,777 GLADES ROAD,BOCA RATON,FL,33431,,(561) 297-3000,SINGLE USE,OPEN,2900,PALM BEACH,12099,USA,26.37231198,-80.10933804,711310,PROMOTERS OF PERFORMING ARTS SPORTS AND SIMILAR EVENTS WITH FACILITIES,https://fausports.com/sports/2018/5/25/facilities-fau-arena-html.aspx,THE BURROW,,,2010-04-01,0,3,0,Salesforce
Sterling Commerce,SCC_1460,523,1030,JACK STEPHENS CENTER,2801 S. UNIVERSITY AVENUE,LITTLE ROCK,AR,72204,,(501) 607-2877,SINGLE USE,OPEN,5600,PULASKI,5119,USA,34.72841468,-92.34053902,711310,PROMOTERS OF PERFORMING ARTS SPORTS AND SIMILAR EVENTS WITH FACILITIES,https://lrtrojans.com/sports/2015/6/2/athletics_stephenscenter.aspx?id=36,,,,2011-08-01,0,3,0,Salesforce
Sterling Commerce,SCC_2199,525,1032,HEALTH AND PHYSICAL EDUCATION ARENA,3105 ROSEWOOD ST,HOUSTON,TX,77004,,,SINGLE USE,OPEN,8100,HARRIS,48201,USA,29.72292777,-95.36558189,711310,PROMOTERS OF PERFORMING ARTS SPORTS AND SIMILAR EVENTS WITH FACILITIES,http://archive.tsu.edu/pages/1674.asp,,,,2013-08-01,0,2,0,Salesforce
Sterling Commerce,SCC_3935,528,1035,EVENT CENTER,300 S. 7TH STREET,SAN JOSE,CA,95112,,(408) 924-6360,SINGLE USE,OPEN,4600,SANTA CLARA,6085,USA,37.33534251,-121.8798474,711310,PROMOTERS OF PERFORMING ARTS SPORTS AND SIMILAR EVENTS WITH FACILITIES,http://www.sjsu.edu/studentunion/eventcenter/,THE EVENT CENTER ARENA,,,2013-10-01,0,2,0,Salesforce
Sterling Commerce,SCC_1027,532,1040,MEMORIAL ATHLETIC AND CONVOCATION CENTER,1025 RISMAN DRIVE,KENT,OH,44243,,(330) 672-3000,SINGLE USE,OPEN,6327,PORTAGE,55097,USA,41.14819,-81.34399,711310,PROMOTERS OF PERFORMING ARTS SPORTS AND SIMILAR EVENTS WITH FACILITIES,https://kentstatesports.com/sports/2013/7/18/MAC%20Center.aspx,MAC CENTER,,,2018-10-01,0,2,0,Salesforce
Sterling Commerce,SCC_1407,534,1042,NIU CONVOCATION CENTER,1525 WEST LINCOLN HIGHWAY,DEKALB,IL,60115,,(815) 752-6800,SINGLE USE,OPEN,10000,DEKALB,29063,USA,41.93519,-88.78559,711310,PROMOTERS OF PERFORMING ARTS SPORTS AND SIMILAR EVENTS WITH FACILITIES,https://www.convocenter.niu.edu/convo/index.shtml,,,,2018-03-01,0,2,0,Salesforce
Sterling Commerce,SCC_5000,536,1044,MCGUIRK ARENA,360 WEST BROOMFIELD STREET,MOUNT PLEASANT,MI,48858,,(989) 774-7526,SINGLE USE,OPEN,5300,ISABELLA,26073,USA,43.58147,-84.77414507,711310,PROMOTERS OF PERFORMING ARTS SPORTS AND SIMILAR EVENTS WITH FACILITIES,https://cmuchippewas.com/sports/2018/7/6/facilities-mbb-facilities-html.aspx,,,,2011-03-01,0,1,0,Salesforce
Sterling Commerce,SCC_2707,539,1047,SMITH-HAMMOND-MIDDLETON MEMORIAL CENTER,300 BUCKLEY STREET,ORANGEBURG,SC,29117,,(800) 260-5956,SINGLE USE,OPEN,3200,ORANGEBURG,45075,USA,33.50099,-80.84652,711310,PROMOTERS OF PERFORMING ARTS SPORTS AND SIMILAR EVENTS WITH FACILITIES,https://www.scsuathletics.com/sports/2008/2/22/SHM_Floor.aspx?id=38,,,,2019-10-01,0,1,0,Salesforce
Sterling Commerce,SCC_4595,540,1048,HYTCHE ATHLETIC CENTER,11868 ACADEMIC OVAL,PRINCESS ANNE,MD,21853,,,SINGLE USE,OPEN,5500,SOMERSET,42111,USA,38.21129,-75.6872,711310,PROMOTERS OF PERFORMING ARTS SPORTS AND SIMILAR EVENTS WITH FACILITIES,https://easternshorehawks.com/sports/2018/5/23/facilities-mdes-facilities-new-html.aspx,WILLIAM P. HYTCHE ATHLETIC CENTER,,,2011-08-01,0,1,0,Salesforce
Sterling Commerce,SCC_4483,541,1049,MABEE CENTER,81ST STREET AND SOUTH LEWIS AVENUE,TULSA,OK,74136,,(918) 495-6000,SINGLE USE,OPEN,10575,TULSA,40143,USA,36.04804235,-95.95574868,711310,PROMOTERS OF PERFORMING ARTS SPORTS AND SIMILAR EVENTS WITH FACILITIES,http://www.oruathletics.com/facilities/mabee_center,,,,2019-11-01,0,3,0,Salesforce
Sterling Commerce,SCC_4667,543,1051,WESTERN HALL,NORTH WESTERN AVENUE AND WEST UNIVERSITY DRIVE,MACOMB,IL,61455,,(309) 298-1228,SINGLE USE,OPEN,4781,MCDONOUGH,17109,USA,40.47160002,-90.68508002,711310,PROMOTERS OF PERFORMING ARTS SPORTS AND SIMILAR EVENTS WITH FACILITIES,https://goleathernecks.com/sports/2014/6/6/facilities_0606144658.aspx?id=28,WASTE MANAGEMENT COURT AT WESTERN HALL,,,2011-06-01,0,1,0,Salesforce
Sterling Commerce,SCC_4970,548,1056,MOBY ARENA,951 W PLUM ST,FORT COLLINS,CO,80521,,(970) 491-7267,SINGLE USE,OPEN,8745,LARIMER,8069,USA,40.57573637,-105.0932675,711310,PROMOTERS OF PERFORMING ARTS SPORTS AND SIMILAR EVENTS WITH FACILITIES,https://csurams.com/facilities/?id=1,,,,2019-05-01,0,1,0,Salesforce
Sterling Commerce,SCC_4806,549,1057,THOMAS AND MACK CENTER,4505 S MARYLAND PARKWAY,LAS VEGAS,NV,89154,,(702) 895-3761,SINGLE USE,OPEN,18776,CLARK,32003,USA,36.1049112,-115.1443551,711310,PROMOTERS OF PERFORMING ARTS SPORTS AND SIMILAR EVENTS WITH FACILITIES,https://www.thomasandmack.com/,,,,2016-09-01,0,1,0,Salesforce
Sterling Commerce,SCC_1880,550,1058,DREAMSTYLE ARENA,UNIVERSITY BOULEVARD SE AND AVENIDA DE CESAR CHAVEZ,ALBUQUERQUE,NM,87106,,(505) 925-5750,SINGLE USE,OPEN,18018,BERNALILLO,35001,USA,35.06691,-106.6322313,711310,PROMOTERS OF PERFORMING ARTS SPORTS AND SIMILAR EVENTS WITH FACILITIES,https://golobos.com/sports/2015/5/12/GEN_201401014.aspx,THE PIT,,WISEPIES ARENA,2014-10-01,0,1,0,Salesforce
Sterling Commerce,SCC_3162,554,1062,GEORGE AND PHYLLIS ROTHMAN CENTER,UNIVERSITY PLAZA DRIVE AND TEMPLE AVENUE,TEANECK,NJ,7666,,(201) 692-2208,SINGLE USE,OPEN,6000,BERGEN,34003,USA,40.89665,-74.03238,711310,PROMOTERS OF PERFORMING ARTS SPORTS AND SIMILAR EVENTS WITH FACILITIES,https://fduknights.com/sports/2011/6/23/GEN_0623114331.aspx?&tab=3,STRATIS ARENA (INSIDE THE ROTHMAN CENTER),,,2011-03-01,0,2,0,Salesforce
Sterling Commerce,SCC_3553,555,1063,WILLIAM H. PITT HEALTH AND RECREATION CENTER,PARK AVENUE AND JEFFERSON STREET,FAIRFIELD,CT,6825,,(203) 396-8130,SINGLE USE,OPEN,2062,FAIRFIELD,45039,USA,41.21941,-73.24462,711310,PROMOTERS OF PERFORMING ARTS SPORTS AND SIMILAR EVENTS WITH FACILITIES,https://www.sacredheart.edu/athletics/williamhpittcenter/,,,,2014-05-01,0,2,0,Salesforce
Sterling Commerce,SCC_3201,560,1068,LOUIS BROWN ATHLETIC CENTER,83 ROCKEFELLER ROAD,PISCATAWAY,NJ,8854,,(732) 445-2766,SINGLE USE,OPEN,8000,MIDDLESEX,25017,USA,40.52518967,-74.4412082,711310,PROMOTERS OF PERFORMING ARTS SPORTS AND SIMILAR EVENTS WITH FACILITIES,https://scarletknights.com/facilities/?id=1,THE RAC (RUTGERS ATHLETIC CENTER),,,2013-10-01,0,3,0,Salesforce
Sterling Commerce,SCC_3503,562,1071,FINNERAN PAVILION,SOUTH ITHAN AVENUE,VILLANOVA,PA,19085,,,SINGLE USE,OPEN,6500,DELAWARE,19055,USA,40.0340283,-75.33622187,711310,PROMOTERS OF PERFORMING ARTS SPORTS AND SIMILAR EVENTS WITH FACILITIES,http://www.finneranpavilion.com/,,,THE PAVILION,2018-04-01,0,1,0,Salesforce
Sterling Commerce,SCC_2679,567,1076,REED GYMNASIUM,EAST TERRY STREET AND MEMORIAL DRIVE,POCATELLO,ID,83201,,,SINGLE USE,OPEN,3040,BANNOCK,16005,USA,42.86445,-112.42899,711310,PROMOTERS OF PERFORMING ARTS SPORTS AND SIMILAR EVENTS WITH FACILITIES,https://isubengals.com/sports/2010/10/11/GEN_1011105822.aspx?path=general,,,,2011-11-01,0,3,0,Salesforce
Sterling Commerce,SCC_1912,573,1082,WELSH-RYAN ARENA,2705 ASHLAND AVENUE,EVANSTON,IL,60208,,(847) 491-4659,SINGLE USE,OPEN,8117,COOK,27031,USA,42.06697451,-87.69242382,711310,PROMOTERS OF PERFORMING ARTS SPORTS AND SIMILAR EVENTS WITH FACILITIES,https://nusports.com/facilities/?id=12,SHIRLEY WELSH-RYAN ARENA,MCGAW MEMORIAL HALL,,2017-06-01,0,1,0,Salesforce
Sterling Commerce,SCC_2240,576,1085,ROBERT A. MOTT GYMNASIUM,SOUTH PERIMETER ROAD AND LONGVIEW LANE,SAN LUIS OBISPO,CA,93407,,,SINGLE USE,OPEN,3032,SAN LUIS OBISPO,6079,USA,35.29888792,-120.6585887,711310,PROMOTERS OF PERFORMING ARTS SPORTS AND SIMILAR EVENTS WITH FACILITIES,https://www.gopoly.com/insideathletics/mottathleticscenter,MOTT GYM,,,2019-04-01,0,3,0,Salesforce
Sterling Commerce,SCC_4582,578,1087,THE MATADOME,PLUMMER STREET AND LINDLEY AVENUE,NORTHRIDGE,CA,91325,,,SINGLE USE,OPEN,1600,LOS ANGELES,6037,USA,34.24195931,-118.5264839,711310,PROMOTERS OF PERFORMING ARTS SPORTS AND SIMILAR EVENTS WITH FACILITIES,https://gomatadors.com/sports/2015/6/22/GEN_20140101246.aspx,MATADOR GYMNASIUM/REDWOOD HALL,,,2012-09-01,0,3,0,Salesforce
Sterling Commerce,SCC_3245,580,1089,TITAN GYMNASIUM,GYMNASIUM CAMPUS DRIVE,FULLERTON,CA,92831,,,SINGLE USE,OPEN,4000,ORANGE,48361,USA,33.88309,-117.88612,711310,PROMOTERS OF PERFORMING ARTS SPORTS AND SIMILAR EVENTS WITH FACILITIES,http://www.fullertontitans.com/athletics/titan_gym,,,,2013-09-01,0,1,0,Salesforce
Sterling Commerce,SCC_1114,581,1090,WALTER PYRAMID,1250 N BELLFLOWER BLVD,LONG BEACH,CA,90815,,(562) 985-4111,SINGLE USE,OPEN,5000,LOS ANGELES,6037,USA,33.78746,-118.11446,711310,PROMOTERS OF PERFORMING ARTS SPORTS AND SIMILAR EVENTS WITH FACILITIES,https://longbeachstate.com/sports/2018/7/31/sports-facilities-spec-rel-15-walter-pyramid-html.aspx,,,,2015-08-01,0,2,0,Salesforce
Sterling Commerce,SCC_1547,594,1103,WOLSTEIN CENTER,EAST 18TH STREET AND PROSPECT AVENUE,CLEVELAND,OH,44115,,(216) 687-9292,SINGLE USE,OPEN,13610,CUYAHOGA,39035,USA,41.49925269,-81.67698419,711310,PROMOTERS OF PERFORMING ARTS SPORTS AND SIMILAR EVENTS WITH FACILITIES,http://www.wolsteincenter.com/,,,,2016-08-01,0,2,0,Salesforce
Sterling Commerce,SCC_4260,595,1104,UCCU CENTER,800 W UNIVERSITY PARKWAY,OREM,UT,84058,,(801) 863-6175,SINGLE USE,OPEN,8500,UTAH,49049,USA,40.27869419,-111.7170341,711310,PROMOTERS OF PERFORMING ARTS SPORTS AND SIMILAR EVENTS WITH FACILITIES,http://uccucenter.com/,,,MCKAY EVENTS CENTER,2019-07-01,0,2,0,Salesforce
Sterling Commerce,SCC_3320,603,1112,THE PALESTRA,223 SOUTH 33RD STREET,PHILADELPHIA,PA,19104,,(215) 898-4747,SINGLE USE,OPEN,8722,PHILADELPHIA,42101,USA,39.9514,-75.18863,711310,PROMOTERS OF PERFORMING ARTS SPORTS AND SIMILAR EVENTS WITH FACILITIES,https://pennathletics.com/sports/2016/6/24/_131485206803701538.aspx?id=444,,,,2013-12-01,0,3,0,Salesforce
Sterling Commerce,SCC_1133,609,1118,WALTER A. HAAS PAVILION,BANCROFT WAY AND DANA STREET,BERKELEY,CA,94720,,(510) 642-2444,SINGLE USE,OPEN,11877,ALAMEDA,6001,USA,37.86942067,-122.2622235,711310,PROMOTERS OF PERFORMING ARTS SPORTS AND SIMILAR EVENTS WITH FACILITIES,https://calbears.com/sports/2013/4/17/208212524.aspx,HAAS PAVILION,,,2016-05-01,0,1,0,Salesforce
Sterling Commerce,SCC_3403,612,1121,MEMORIAL GYMNASIUM (TENNESSEE),25TH AVENUE SOUTH AND VANDERBILT PLACE,NASHVILLE,TN,37212,,(615) 322-1793,SINGLE USE,OPEN,14316,DAVIDSON,47037,USA,36.14460279,-86.80737961,711310,PROMOTERS OF PERFORMING ARTS SPORTS AND SIMILAR EVENTS WITH FACILITIES,https://vucommodores.com/sports/2018/7/10/facilities-memorial-gym-html.aspx,,,,2017-03-01,0,2,0,Salesforce
Sterling Commerce,SCC_2443,613,1122,PETE MARAVICH ASSEMBLY CENTER,NORTH STADIUM ROAD,BATON ROUGE,LA,70803,,(225) 578-8205,SINGLE USE,OPEN,13215,EAST BATON ROUGE,22033,USA,30.41430379,-91.18448278,711310,PROMOTERS OF PERFORMING ARTS SPORTS AND SIMILAR EVENTS WITH FACILITIES,http://www.lsusports.net/ViewArticle.dbml?DB_OEM_ID=5200&ATCLID=177173,,,,2018-04-01,0,1,0,Salesforce
Sterling Commerce,SCC_4568,614,1123,RUPP ARENA,430 WEST VINE STREET,LEXINGTON,KY,40507,,(859) 233-4567,SINGLE USE,OPEN,23500,FAYETTE,48149,USA,38.0493651,-84.50260105,711310,PROMOTERS OF PERFORMING ARTS SPORTS AND SIMILAR EVENTS WITH FACILITIES,https://www.rupparena.com/,,,,2018-11-01,0,3,0,Salesforce
Sterling Commerce,SCC_4414,615,1124,STEGEMAN COLISEUM,CARLTON STREET,ATHENS,GA,30602,,(706) 542-1231,SINGLE USE,OPEN,10523,CLARKE,19039,USA,33.94276003,-83.37820999,711310,PROMOTERS OF PERFORMING ARTS SPORTS AND SIMILAR EVENTS WITH FACILITIES,https://georgiadogs.com/sports/2017/6/16/stegeman-coliseum.aspx,,,,2016-02-01,0,2,0,Salesforce
Sterling Commerce,SCC_3139,616,1125,STEPHEN C. O'CONNELL CENTER,250 GALE LEMERAND DRIVE,GAINESVILLE,FL,32611,,(352) 392-5500,SINGLE USE,OPEN,12000,ALACHUA,12001,USA,29.64939718,-82.35123632,711310,PROMOTERS OF PERFORMING ARTS SPORTS AND SIMILAR EVENTS WITH FACILITIES,https://www.oconnellcenter.ufl.edu/,O'CONNELL CENTER,,,2013-08-01,0,3,0,Salesforce
Sterling Commerce,SCC_2955,618,1127,THOMPSON-BOLING ARENA,1600 PHILLIP FULMER WAY,KNOXVILLE,TN,37916,,(865) 974-0953,SINGLE USE,OPEN,21678,KNOX,31107,USA,35.95110318,-83.92486648,711310,PROMOTERS OF PERFORMING ARTS SPORTS AND SIMILAR EVENTS WITH FACILITIES,http://www.tbarena.com/,,,,2013-07-01,0,3,0,Salesforce
Sterling Commerce,SCC_2432,619,1128,MCALISTER FIELD HOUSE,HAMMOND AVENUE AND GRIER AVENUE,CHARLESTON,SC,29409,,(843) 953-3647,SINGLE USE,OPEN,6000,CHARLESTON,45019,USA,32.79851747,-79.96250871,711310,PROMOTERS OF PERFORMING ARTS SPORTS AND SIMILAR EVENTS WITH FACILITIES,http://www.citadel.edu/root/facilities,,,,2010-06-01,0,1,0,Salesforce
Sterling Commerce,SCC_4878,624,1133,MONTAGNE CENTER,4400 SOUTH M L KING JR PARKWAY,BEAUMONT,TX,77705,,(409) 880-1810,SINGLE USE,OPEN,10080,JEFFERSON,22051,USA,30.04405731,-94.07072621,711310,PROMOTERS OF PERFORMING ARTS SPORTS AND SIMILAR EVENTS WITH FACILITIES,http://montagnecenter.com/,,,,2012-07-01,0,2,0,Salesforce
Sterling Commerce,SCC_4947,625,1134,PRATHER COLISEUM,CASPERI STREET AND SOUTH JEFFERSON STREET,NATCHITOCHES,LA,71457,,,SINGLE USE,OPEN,4000,NATCHITOCHES,22069,USA,31.74407908,-93.09523493,711310,PROMOTERS OF PERFORMING ARTS SPORTS AND SIMILAR EVENTS WITH FACILITIES,https://nsudemons.com/facilities/?id=8,,,,2016-01-01,0,2,0,Salesforce
Sterling Commerce,SCC_2269,627,1136,STRAHAN COLISEUM,AQUARENA SPRINGS DRIVE AND CHARLES AUSTIN DRIVE,SAN MARCOS,TX,78666,,(512) 245-2114,SINGLE USE,OPEN,7200,HAYS,48209,USA,29.88857238,-97.93258494,711310,PROMOTERS OF PERFORMING ARTS SPORTS AND SIMILAR EVENTS WITH FACILITIES,https://txstatebobcats.com/sports/2010/7/29/MBB_0729100618.aspx?tab=strahancoliseum,,,,2018-04-01,0,3,0,Salesforce
Sterling Commerce,SCC_1480,628,1137,UNIVERSITY CENTER,WEST UNIVERSITY AVENUE AND COLLEGE DRIVE,HAMMOND,LA,70401,,(985) 549-3819,SINGLE USE,OPEN,7561,TANGIPAHOA,22105,USA,30.52017,-90.47315721,711310,PROMOTERS OF PERFORMING ARTS SPORTS AND SIMILAR EVENTS WITH FACILITIES,http://www.southeastern.edu/admin/uc/index.html,,,,2013-08-01,0,2,0,Salesforce
Sterling Commerce,SCC_3594,631,1140,MAGNESS ARENA,2201 EAST ASBURY AVENUE,DENVER,CO,80210,,(303) 871-3845,SINGLE USE,OPEN,7200,DENVER,8031,USA,39.68206001,-104.9617369,711310,PROMOTERS OF PERFORMING ARTS SPORTS AND SIMILAR EVENTS WITH FACILITIES,http://ritchiecenterevents.du.edu/venues/magness-arena/,RITCHIE CENTER,,,2019-09-01,0,3,0,Salesforce
Sterling Commerce,SCC_3866,634,1143,OCEAN BANK CONVOCATION CENTER,11200 SW 8TH STREET,MIAMI,FL,33174,,(305) 554-0848,SINGLE USE,OPEN,5000,MIAMI-DADE,12086,USA,25.75696578,-80.37960852,711310,PROMOTERS OF PERFORMING ARTS SPORTS AND SIMILAR EVENTS WITH FACILITIES,https://fiusports.com/sports/2014/6/19/GEN_0619142140.aspx,,,FIU ARENA,2016-02-01,0,3,0,Salesforce
Sterling Commerce,SCC_2533,639,1148,HARRISON HPER COMPLEX,SUNFLOWER LANE AND LEFLORE AVENUE,ITTA BENA,MS,38941,,,SINGLE USE,OPEN,5000,LEFLORE,28083,USA,33.51051254,-90.34104165,711310,PROMOTERS OF PERFORMING ARTS SPORTS AND SIMILAR EVENTS WITH FACILITIES,https://mvsusports.com/news/2013/5/24/MBB_0524133541.aspx?path=mbball,RICHARD W. HARRISON HPER COMPLEX,,,2017-05-01,0,2,0,Salesforce
Sterling Commerce,SCC_4160,641,1150,PAN AMERICAN CENTER,INTERNATIONAL MALL AND PAYNE STREET,LAS CRUCES,NM,88003,,(575) 646-1420,SINGLE USE,OPEN,12482,DONA ANA,35013,USA,32.28401548,-106.7422255,711310,PROMOTERS OF PERFORMING ARTS SPORTS AND SIMILAR EVENTS WITH FACILITIES,http://panam.nmsu.edu/,,,,2014-01-01,0,1,0,Salesforce
Sterling Commerce,SCC_3266,649,1158,ALICO ARENA,10501 FGCU BOULEVARD,FORT MEYERS,FL,33965,,(239) 590-7145,SINGLE USE,OPEN,4500,LEE,48287,USA,26.47106184,-81.76464295,711310,PROMOTERS OF PERFORMING ARTS SPORTS AND SIMILAR EVENTS WITH FACILITIES,https://fgcuathletics.com/sports/2014/8/16/alicoarena.aspx,,,,2019-08-01,0,1,0,Salesforce
Sterling Commerce,SCC_2361,654,1164,KIMMEL ARENA,227 CAMPUS DRIVE,ASHEVILLE,NC,28804,,(828) 258-7712,SINGLE USE,OPEN,3200,BUNCOMBE,37021,USA,35.61815807,-82.56887087,711310,PROMOTERS OF PERFORMING ARTS SPORTS AND SIMILAR EVENTS WITH FACILITIES,https://uncabulldogs.com/facilities/?id=6,WILMA M. SHERRILL CENTER,,,2013-09-01,0,2,0,Salesforce
Sterling Commerce,SCC_4025,658,1168,ICARDO CENTER,ROADRUNNER DRIVE,BAKERSFIELD,CA,93301,,(661) 654-2583,SINGLE USE,OPEN,3800,KERN,6029,USA,35.34760469,-119.1027637,711310,PROMOTERS OF PERFORMING ARTS SPORTS AND SIMILAR EVENTS WITH FACILITIES,https://gorunners.com/news/2006/10/8/639747.aspx,,,,2019-09-01,0,3,0,Salesforce
Sterling Commerce,SCC_4847,659,1169,STROH CENTER,1535 WOOSTER STREET,BOWLING GREEN,OH,43042,,(419) 372-0000,SINGLE USE,OPEN,4700,WOOD,55141,USA,41.37526,-83.62639,711310,PROMOTERS OF PERFORMING ARTS SPORTS AND SIMILAR EVENTS WITH FACILITIES,https://bgsufalcons.com/sports/2012/6/11/MBB_0611123748.aspx,,,,2015-12-01,0,3,0,Salesforce
Sterling Commerce,SCC_2976,660,1170,MCDOUGALD-MCLENDON GYMNASIUM,1801 FAYETTEVILLE STREET,DURHAM,NC,27707,,(919) 530-7057,SINGLE USE,OPEN,3116,DURHAM,37063,USA,35.97583,-78.89778,711310,PROMOTERS OF PERFORMING ARTS SPORTS AND SIMILAR EVENTS WITH FACILITIES,https://nccueaglepride.com/sports/2010/6/11/MBB_0611103023.aspx?id=2,,,,2016-04-01,0,1,0,Salesforce
Sterling Commerce,SCC_1777,662,1172,CHACE ATHLETIC CENTER,1150 DOUGLAS PIKE,SMITHFIELD,RI,2917,,,SINGLE USE,OPEN,2600,PROVIDENCE,44007,USA,41.92125263,-71.53963404,711310,PROMOTERS OF PERFORMING ARTS SPORTS AND SIMILAR EVENTS WITH FACILITIES,https://www.bryantbulldogs.com/information/Facilities/Chace,ELIZABETH & MALCOLM CHACE WELLNESS & AC,,,2016-01-01,0,1,0,Salesforce
Sterling Commerce,SCC_1897,668,1178,LADD-PEEBLES STADIUM,1621 VIRGINIA STREET,MOBILE,AL,36604,,(251) 208-2500,SINGLE USE,OPEN,33471,MOBILE,1097,USA,30.673067,-88.075635,711310,PROMOTERS OF PERFORMING ARTS SPORTS AND SIMILAR EVENTS WITH FACILITIES,http://laddpeeblesstadium.com/,,,,2012-10-01,0,2,0,Salesforce
Sterling Commerce,SCC_1866,674,1184,PAULSON STADIUM,207 LANIER DRIVE,STATESBORO,GA,30458,,(912) 478-5047,SINGLE USE,OPEN,25000,BULLOCH,13031,USA,32.412166,-81.783145,711310,PROMOTERS OF PERFORMING ARTS SPORTS AND SIMILAR EVENTS WITH FACILITIES,https://gseagles.com/sports/2013/7/23/FB_0723131314.aspx?id=16,,,,2013-11-01,0,3,0,Salesforce
Sterling Commerce,SCC_3360,678,1188,GRAND PRIX OF HOUSTON,1 RELIANT PARK,HOUSTON,TX,77054,,(317) 716-5256,SINGLE USE,OPEN,-999,HARRIS,48201,USA,29.6826,-95.408,711212,RACETRACKS,http://www.grandprixofhouston.com/,,,,2014-08-01,0,1,0,Salesforce
Sterling Commerce,SCC_3599,679,1189,DELTA DOWNS,2717 DELTA DOWNS DRIVE,VINTON,LA,70668,,(800) 589-7441,SINGLE USE,OPEN,-999,CALCASIEU,22019,USA,30.19315017,-93.62314738,711212,RACETRACKS,https://www.deltadowns.com/,,,,2011-04-01,0,1,0,Salesforce
Sterling Commerce,SCC_1981,681,1191,SUNLAND PARK,1200 FUTURITY DRIVE,SUNLAND PARK,NM,88063,,(575) 874-5200,SINGLE USE,OPEN,-999,DO√ëA ANA,35013,USA,31.80705,-106.559,711212,RACETRACKS,http://www.sunland-park.com/,,,,2011-09-01,0,2,0,Salesforce
Sterling Commerce,SCC_1514,682,1192,TURFWAY PARK,7500 TURFWAY ROAD,FLORENCE,KY,41042,,(859) 371-0200,SINGLE USE,OPEN,-999,BOONE,21015,USA,39.024502,-84.63477,711212,RACETRACKS,http://www.turfway.com/home,,,,2016-10-01,0,2,0,Salesforce
Sterling Commerce,SCC_3846,684,1194,BARCLAYS CENTER,620 ATLANTIC AVENUE,BROOKLYN,NY,11217,,(917) 618-6100,MULTIUSE,OPEN,17732,KINGS,36047,USA,40.68257325,-73.97523034,711310,PROMOTERS OF PERFORMING ARTS SPORTS AND SIMILAR EVENTS WITH FACILITIES,https://www.barclayscenter.com/,,,,2012-04-01,0,3,0,Salesforce
Sterling Commerce,SCC_1988,687,1197,GCU ARENA,3300 WEST CAMELBACK ROAD,PHOENIX,AZ,85017,,(602) 639-8979,SINGLE USE,OPEN,7000,MARICOPA,4013,USA,33.51024271,-112.1289423,711310,PROMOTERS OF PERFORMING ARTS SPORTS AND SIMILAR EVENTS WITH FACILITIES,http://www.gcuarena.com/,,,,2011-06-01,0,3,0,Salesforce
Sterling Commerce,SCC_4948,688,1198,MCDERMOTT CENTER,4300 BROADWAY,SAN ANTONIO,TX,78209,,,SINGLE USE,OPEN,2000,BEXAR,48029,USA,29.46807621,-98.46933087,711310,PROMOTERS OF PERFORMING ARTS SPORTS AND SIMILAR EVENTS WITH FACILITIES,https://uiwcardinals.com/sports/2009/7/2/GEN_0702095708.aspx?tab=facilities,,,,2013-11-01,0,3,0,Salesforce
Sterling Commerce,SCC_4306,689,1199,COSTELLO ATHLETIC CENTER,VFW HIGHWAY,LOWELL,MA,1854,,,SINGLE USE,OPEN,2000,MIDDLESEX,25017,USA,42.65549969,-71.32414872,711310,PROMOTERS OF PERFORMING ARTS SPORTS AND SIMILAR EVENTS WITH FACILITIES,https://goriverhawks.com/sports/2014/7/18/general_0718141622.aspx?id=178,,,,2018-04-01,0,2,0,Salesforce
Sterling Commerce,SCC_2640,691,1201,BB&T ARENA,500 NUNN DRIVE,HIGHLAND HEIGHTS,KY,41099,,(859) 442-2652,SINGLE USE,OPEN,9400,CAMPBELL,21037,USA,39.03193469,-84.45909715,711310,PROMOTERS OF PERFORMING ARTS SPORTS AND SIMILAR EVENTS WITH FACILITIES,http://www.thebbtarena.com/,,,THE BANK OF KENTUCKY CENTER,2011-10-01,0,1,0,Salesforce
Sterling Commerce,SCC_3885,692,1202,BBVA COMPASS STADIUM,2200 TEXAS AVENUE,HOUSTON,TX,77003,,(713) 547-3000,SINGLE USE,OPEN,22039,HARRIS,48201,USA,29.752325,-95.35206,711310,PROMOTERS OF PERFORMING ARTS SPORTS AND SIMILAR EVENTS WITH FACILITIES,http://www.bbvacompassstadium.com/,,,,2012-07-01,0,2,0,Salesforce
Sterling Commerce,SCC_2129,693,176,MCLANE STADIUM,SOUTH MARTIN LUTHER KING JR BLVD,WACO,TX,76704,,(254) 710-1000,SINGLE USE,OPEN,45140,MCLENNAN,48309,USA,31.558178,-97.115677,711310,PROMOTERS OF PERFORMING ARTS SPORTS AND SIMILAR EVENTS WITH FACILITIES,http://www.mclanestadium.com/,,,,2015-02-01,0,1,0,Salesforce
Sterling Commerce,SCC_1417,696,1204,SILVERADO RESORT AND SPA,1600 ATLAS PEAK ROAD,NAPA,CA,94558,,(707) 257-0200,SINGLE USE,OPEN,-999,NAPA,6055,USA,38.34873746,-122.2642643,713910,GOLF COURSES AND COUNTRY CLUBS,https://www.silveradoresort.com/,,,,2010-04-01,0,2,0,Salesforce
Sterling Commerce,SCC_2180,697,1205,COUNTRY CLUB OF JACKSON,345 SAINT ANDREWS DRIVE,JACKSON,MS,39211,,(601) 956-1411,SINGLE USE,OPEN,-999,HINDS,28049,USA,32.39691784,-90.09864301,713910,GOLF COURSES AND COUNTRY CLUBS,https://www.ccjackson.com/,,,,2017-06-01,0,3,0,Salesforce
Sterling Commerce,SCC_3836,699,1207,CHAMBERS BAY,6320 GRANDVIEW DRIVE WEST,UNIVERSITY PLACE,WA,98467,,(253) 460-4653,SINGLE USE,OPEN,-999,PIERCE,53053,USA,47.20040969,-122.5706893,713910,GOLF COURSES AND COUNTRY CLUBS,https://www.chambersbaygolf.com/,,,,2012-12-01,0,3,0,Salesforce
Sterling Commerce,SCC_1296,705,1213,CONWAY FARMS,425 CONWAY FARMS DRIVE,CHICAGO,IL,60045,,(847) 234-6979,SINGLE USE,OPEN,-999,LAKE,17097,USA,42.23173041,-87.89219974,713910,GOLF COURSES AND COUNTRY CLUBS,https://www.conwayfarmsgolfclub.org/,,,,2011-09-01,0,3,0,Salesforce
Sterling Commerce,SCC_2960,708,1215,ISLEWORTH GOLF & COUNTRY CLUB,6100 PAYNE STEWART DRIVE,WINDERMERE,FL,34786,,(407) 909-2000,SINGLE USE,OPEN,-999,ORANGE,12095,USA,28.47764668,-81.52747442,713910,GOLF COURSES AND COUNTRY CLUBS,https://isleworth.com/,,,,2014-05-01,0,1,0,Salesforce
Sterling Commerce,SCC_3089,709,1216,TIBURON GOLF CLUB,2620 TIBURON DRIVE,NAPLES,FL,34109,,(239) 593-2200,SINGLE USE,OPEN,-999,COLLIER,12021,USA,26.24780517,-81.76480761,713910,GOLF COURSES AND COUNTRY CLUBS,https://www.tiburonnaples.com/,,,,2017-02-01,0,2,0,Salesforce
Sterling Commerce,SCC_4880,716,37,HIALEAH PARK RACE TRACK,2200 EAST 4TH AVENUE,HIALEAH,FL,33010,,(305) 885-8000,SINGLE USE,OPEN,-999,MIAMI-DADE,12086,USA,25.84554175,-80.27856424,711212,RACETRACKS,http://hialeahparkcasino.com,,,,2010-05-01,0,2,0,Salesforce
Sterling Commerce,SCC_3342,718,1223,BROOKS STADIUM,540 UNIVERSITY BLVD.,CONWAY,SC,29526,,(843) 349-2820,SINGLE USE,OPEN,15000,HORRY,45051,USA,33.79289781,-79.01750912,711310,PROMOTERS OF PERFORMING ARTS SPORTS AND SIMILAR EVENTS WITH FACILITIES,https://goccusports.com/sports/2018/5/24/facilities-brooks-stadium-html.aspx,,,,2018-06-01,0,2,0,Salesforce
Sterling Commerce,SCC_1830,719,1224,U.S. BANK STADIUM,900 S 5TH ST.,MINNEAPOLIS,MN,55415,,(952) 918-8599,SINGLE USE,OPEN,66200,HENNEPIN,27053,USA,44.973533,-93.257405,711310,PROMOTERS OF PERFORMING ARTS SPORTS AND SIMILAR EVENTS WITH FACILITIES,https://www.usbankstadium.com/,,,,2018-07-01,0,3,0,Salesforce
Sterling Commerce,SCC_2386,720,1225,CARNESECCA ARENA,8000 UTOPIA PKWY,JAMAICA,NY,11439,,(718) 527-2020,SINGLE USE,OPEN,5602,QUEENS,36081,USA,40.72417801,-73.79451884,711310,PROMOTERS OF PERFORMING ARTS SPORTS AND SIMILAR EVENTS WITH FACILITIES,https://redstormsports.com/sports/2018/6/12/facilities-carnesecca-arena-html.aspx,,,ALUMNI HALL,2019-03-01,0,3,0,Salesforce
Sterling Commerce,SCC_1750,725,1230,BETHPAGE BLACK COURSE,99 QUAKER MEETING HOUSE RD,FARMINGDALE,NY,11735,,(516) 249-0700,SINGLE USE,OPEN,-999,NASSAU,36059,USA,40.74232798,-73.45512974,713910,GOLF COURSES AND COUNTRY CLUBS,https://www.parks.ny.gov/golf/11/details.aspx,,,,2012-01-01,0,1,0,Salesforce
Sterling Commerce,SCC_2678,727,1232,HAZELTINE NATIONAL GOLF CLUB,1900 HAZELTINE BLVD,CHASKA,MN,55318,,(952) 556-5400,SINGLE USE,OPEN,-999,CARVER,27019,USA,44.83352249,-93.59068556,713910,GOLF COURSES AND COUNTRY CLUBS,http://www.hazeltinenational.com/,,,,2013-06-01,0,3,0,Salesforce
Sterling Commerce,SCC_4772,728,1233,COCA-COLA FIELD,1 JAMES D GRIFFIN PLAZA,BUFFALO,NY,14203,,(716) 846-2000,SINGLE USE,OPEN,18025,ERIE,36029,USA,42.881009,-78.874016,711310,PROMOTERS OF PERFORMING ARTS SPORTS AND SIMILAR EVENTS WITH FACILITIES,http://www.milb.com/content/page.jsp?sid=t422&ymd=20100224&content_id=8132200&vkey=team1,,,DUNN TIRE PARK,2016-09-01,0,3,0,Salesforce
Sterling Commerce,SCC_1862,729,1234,BB&T BALLPARK,324 S MINT ST,CHARLOTTE,NC,28202,,(704) 274-8300,SINGLE USE,OPEN,10200,MECKLENBURG,37119,USA,35.228374,-80.849395,711310,PROMOTERS OF PERFORMING ARTS SPORTS AND SIMILAR EVENTS WITH FACILITIES,http://bbtballparkcharlotte.com/,,,,2011-09-01,0,3,0,Salesforce
Sterling Commerce,SCC_1671,730,1235,HUNTINGTON PARK,330 HUNTINGTON PARK LN,COLUMBUS,OH,43215,,(614) 462-5250,SINGLE USE,OPEN,10100,FRANKLIN,39049,USA,39.969061,-83.011659,711310,PROMOTERS OF PERFORMING ARTS SPORTS AND SIMILAR EVENTS WITH FACILITIES,http://huntingtonparkcolumbus.com/,,,,2010-11-01,0,1,0,Salesforce
Sterling Commerce,SCC_2119,731,1236,DURHAM BULLS ATHLETIC PARK,409 BLACKWELL ST,DURHAM,NC,27701,,(919) 687-6500,SINGLE USE,OPEN,10000,DURHAM,37063,USA,35.99178,-78.90384,711310,PROMOTERS OF PERFORMING ARTS SPORTS AND SIMILAR EVENTS WITH FACILITIES,http://www.milb.com/content/page.jsp?ymd=20110817&content_id=23336674&sid=t234&vkey=team2,,,,2016-05-01,0,2,0,Salesforce
Sterling Commerce,SCC_2100,735,1240,LOUISVILLE SLUGGER FIELD,401 E MAIN ST,LOUISVILLE,KY,40202,,(502) 212-2287,SINGLE USE,OPEN,13131,JEFFERSON,21111,USA,38.256608,-85.744528,711310,PROMOTERS OF PERFORMING ARTS SPORTS AND SIMILAR EVENTS WITH FACILITIES,http://www.milb.com/content/page.jsp?sid=t416&ymd=20051121&content_id=34685&vkey=team1,,,,2011-09-01,0,3,0,Salesforce
Sterling Commerce,SCC_3849,739,1244,PNC FIELD,235 MONTAGE MOUNTAIN RD,MOOSIC,PA,18507,,(570) 969-2255,SINGLE USE,OPEN,10000,LACKAWANNA,42069,USA,41.36051148,-75.68385156,711310,PROMOTERS OF PERFORMING ARTS SPORTS AND SIMILAR EVENTS WITH FACILITIES,http://www.milb.com/content/page.jsp?ymd=20120820&content_id=37026190&sid=t531&vkey=team1,,,,2010-09-01,0,3,0,Salesforce
Sterling Commerce,SCC_3509,747,1252,CASHMAN FIELD,850 LAS VEGAS BLVD N,LAS VEGAS,NV,89101,,(702) 943-7200,SINGLE USE,OPEN,9334,CLARK,32003,USA,36.179802,-115.129891,711310,PROMOTERS OF PERFORMING ARTS SPORTS AND SIMILAR EVENTS WITH FACILITIES,http://www.milb.com/content/page.jsp?ymd=20171201&content_id=41074946&sid=t400&vkey=team1,,,,2010-02-01,0,3,0,Salesforce
Sterling Commerce,SCC_3351,749,1254,FIRST TENNESSEE PARK,19 JR GILLIAM WAY,NASHVILLE,TN,37219,,(615) 690-4487,SINGLE USE,OPEN,10459,DAVIDSON,47037,USA,36.172611,-86.784721,711310,PROMOTERS OF PERFORMING ARTS SPORTS AND SIMILAR EVENTS WITH FACILITIES,http://www.milb.com/content/page.jsp?ymd=20100201&content_id=8006298&sid=t556&vkey=team3,,,,2012-12-01,0,2,0,Salesforce
Sterling Commerce,SCC_1297,755,1260,RALEY FIELD,400 BALLPARK DR,WEST SACRAMENTO,CA,95691,,(916) 376-4700,SINGLE USE,OPEN,11093,YOLO,6113,USA,38.58038,-121.5138,711310,PROMOTERS OF PERFORMING ARTS SPORTS AND SIMILAR EVENTS WITH FACILITIES,http://www.milb.com/content/page.jsp?ymd=20100115&content_id=7925400&sid=t105&vkey=team1,,,,2016-03-01,0,1,0,Salesforce
Sterling Commerce,SCC_4660,757,1262,CHENEY STADIUM,2502 S TYLER ST,TACOMA,WA,98405,,(253) 752-7707,SINGLE USE,OPEN,7429,PIERCE,53053,USA,47.2380581,-122.497557,711310,PROMOTERS OF PERFORMING ARTS SPORTS AND SIMILAR EVENTS WITH FACILITIES,https://www.milb.com/tacoma/ballpark/cheney-stadium,,,,2016-01-01,0,2,0,Salesforce
Sterling Commerce,SCC_2192,759,1264,ESTADIO REVOLUCION,AV JUAREZ 1822,TORREON,CA,27000,,(871) 718-5815,SINGLE USE,OPEN,-999,TORREON,5035,MEX,25.539525,-103.428997,711310,PROMOTERS OF PERFORMING ARTS SPORTS AND SIMILAR EVENTS WITH FACILITIES,http://www.unionlaguna.mx/localidades.php,,,,2010-04-01,0,3,0,Salesforce
Sterling Commerce,SCC_3262,763,1268,ESTADIO GASMART,MISSION DE SANTO TOMAS S/N,TIJUANA,BN,22223,,,SINGLE USE,OPEN,17000,TIJUANA,2004,MEX,32.483122,-116.91697,711310,PROMOTERS OF PERFORMING ARTS SPORTS AND SIMILAR EVENTS WITH FACILITIES,http://www.torosdetijuana.com/?page_id=6665,,,,2010-04-01,0,1,0,Salesforce
Sterling Commerce,SCC_3001,770,1275,ESTADIO DE BEISBOL BETO AVILA,MAYAPAN,CANCUN,QR,77500,,(998) 887-3108,SINGLE USE,OPEN,-999,BENITO JUAREZ,23005,MEX,21.15245,-86.83692,711310,PROMOTERS OF PERFORMING ARTS SPORTS AND SIMILAR EVENTS WITH FACILITIES,https://web.superboletos.com/SuperBoletos/QUINTANAROO/DEPORTIVO/CNN-TIGRES-TEMPORADA-/rKOYY3P3J2DSDZnEl2gUTw,,,,2011-02-01,0,3,0,Salesforce
Sterling Commerce,SCC_2249,773,1278,ESTADIO DE BEISBOL KUKULKAN,CALLE 28,MERIDA,YU,97174,,(988) 966-2861,SINGLE USE,OPEN,-999,MERIDA,31050,MEX,20.94113319,-89.59601409,711310,PROMOTERS OF PERFORMING ARTS SPORTS AND SIMILAR EVENTS WITH FACILITIES,http://www.leones.mx/contacto,,,,2013-03-01,0,2,0,Salesforce
Sterling Commerce,SCC_4286,778,1281,NASSAU VETERANS MEMORIAL COLISEUM,1255 HEMPSTEAD TURNPIKE,UNIONDALE,NY,11553,1260,(516) 794-9300,SINGLE USE,OPEN,15000,NASSAU,12089,USA,40.72290203,-73.59070854,711310,PROMOTERS OF PERFORMING ARTS SPORTS AND SIMILAR EVENTS WITH FACILITIES,https://www.nycblive.com/,NASSAU COLISEUM,THE COLISEUM,,2016-11-01,0,1,0,Salesforce
Sterling Commerce,SCC_1263,780,1283,SLEEP TRAIN ARENA,1 SPORTS PARKWAY,SACRAMENTO,CA,95834,,(916) 928-6900,OTHER,CLOSED,17317,SACRAMENTO,6067,USA,38.64910221,-121.5181582,711310,PROMOTERS OF PERFORMING ARTS SPORTS AND SIMILAR EVENTS WITH FACILITIES,http://www.sleeptrainarena.com/,ARCO ARENA,POWER BALANCE PAVILION,POWER BALANCE PAVILION,2011-07-01,0,2,0,Salesforce
Sterling Commerce,SCC_1166,783,1286,RABOBANK ARENA,1001 TRUXTUN AVENUE,BAKERSFIELD,CA,93301,,(661) 852-7300,OTHER,OPEN,10800,KERN,6029,USA,35.37216566,-119.0136058,711310,PROMOTERS OF PERFORMING ARTS SPORTS AND SIMILAR EVENTS WITH FACILITIES,http://www.rabobankarena.com/,,,,2018-09-01,0,2,0,Salesforce
Sterling Commerce,SCC_4551,787,1277,ESTADIO UNIVERSITARIO BETO AVILA,PASEO DE LAS JACARANDAS,BOCA DEL RIO,VE,91700,,(229) 100-3875,OTHER,OPEN,-999,BOCA DEL RIO,30028,MEX,19.16509,-96.12283,711310,PROMOTERS OF PERFORMING ARTS SPORTS AND SIMILAR EVENTS WITH FACILITIES,http://rojosdelaguila.com/estadio/,,,,2016-02-01,0,2,0,Salesforce
Sterling Commerce,SCC_3642,788,1279,THE DOME AT AMERICA‚ÄôS CENTER,701 CONVENTION PLAZA,SAINT LOUIS,MO,63101,,(314) 916-8938,OTHER,OPEN,66965,SAINT LOUIS,29510,USA,38.63277992,-90.18854003,711310,PROMOTERS OF PERFORMING ARTS SPORTS AND SIMILAR EVENTS WITH FACILITIES,https://explorestlouis.com/meetings-conventions/dome-at-americas-center/,,,EDWARD JONES DOME,2016-02-01,0,1,0,Salesforce
Sterling Commerce,SCC_2527,789,1280,BOK CENTER,200 SOUTH DENVER AVE,TULSA,OK,74103,,(918) 894-4200,OTHER,OPEN,17839,TULSA,40143,USA,36.15272,-95.99633,711310,PROMOTERS OF PERFORMING ARTS SPORTS AND SIMILAR EVENTS WITH FACILITIES,http://www.bokcenter.com/,,,,2011-08-01,0,3,0,Salesforce
Sterling Commerce,SCC_2090,790,1288,SONNY LUBICK FIELD AT CANVAS STADIUM,751 W PITKIN ST,FORT COLLINS,CO,80521,,(970) 491-5300,SINGLE USE,OPEN,41000,LARIMER,8069,USA,40.56983585,-105.088405,711310,PROMOTERS OF PERFORMING ARTS SPORTS AND SIMILAR EVENTS WITH FACILITIES,https://csurams.com/facilities/?id=17,,,,2011-03-01,0,1,0,Salesforce
Sterling Commerce,SCC_2418,791,1289,SANFORD COYOTE SPORTS CENTER,1096 ROSE ST,VERMILLION,SD,57069,,(605) 677-8840,SINGLE USE,OPEN,6000,CLAY,46027,USA,42.78996521,-96.92782187,711310,PROMOTERS OF PERFORMING ARTS SPORTS AND SIMILAR EVENTS WITH FACILITIES,https://goyotes.com/facilities/?id=16,,,,2018-12-01,0,3,0,Salesforce
Sterling Commerce,SCC_4893,795,1293,SUNTRUST PARK,755 BATTERY AVENUE SOUTHEAST,ATLANTA,GA,30339,,(404) 577-9100,SINGLE USE,OPEN,41084,COBB,13067,USA,33.89078786,-84.46776105,711310,PROMOTERS OF PERFORMING ARTS SPORTS AND SIMILAR EVENTS WITH FACILITIES,https://www.mlb.com/braves/ballpark,,,,2018-03-01,0,2,0,Salesforce
Sterling Commerce,SCC_4548,797,1295,ORLANDO CITY STADIUM,655 W CHURCH ST,ORLANDO,FL,32805,,(855) 675-2489,SINGLE USE,OPEN,25500,ORANGE,12095,USA,28.54110517,-81.38907164,711310,PROMOTERS OF PERFORMING ARTS SPORTS AND SIMILAR EVENTS WITH FACILITIES,https://www.orlandocitysc.com/stadium,,,,2016-04-01,0,3,0,Salesforce
Sterling Commerce,SCC_4586,799,1297,EAGLE POINT GOLF CLUB,8131 BALD EAGLE LN,WILMINGTON,NC,28411,,(910) 686-4653,SINGLE USE,OPEN,-999,NEW HANOVER,37129,USA,34.283686,-77.758918,713910,GOLF COURSES AND COUNTRY CLUBS,https://eaglepoint.golf/,,,,2013-03-01,0,1,0,Salesforce
Sterling Commerce,SCC_1102,801,1299,GLEN OAKS CLUB,175 POST ROAD,OLD WESTBURY,NY,11568,,(515) 626-2900,SINGLE USE,OPEN,-999,NASSAU,36059,USA,40.79152547,-73.58669963,713910,GOLF COURSES AND COUNTRY CLUBS,https://www.glenoaksclub.org/,,,,2018-10-01,0,1,0,Salesforce
Sterling Commerce,SCC_1161,803,1301,LOS ANGELES STADIUM,898 S PRAIRIE AVE,INGLEWOOD,CA,90305,,(714) 541-9800,,UNDER CONSTRUCTION,70000,LOS ANGELES,6037,USA,33.95337159,-118.3390713,711310,PROMOTERS OF PERFORMING ARTS SPORTS AND SIMILAR EVENTS WITH FACILITIES,http://www.lased.com/,,,,2011-02-01,0,1,0,Salesforce
Sterling Commerce,SCC_2844,804,1302,ALLIANZ FIELD,ST ANTHONY AVE AND SNELLING AVE,SAINT PAUL,MN,55104,,,SINGLE USE,OPEN,19400,RAMSEY,27123,USA,44.952689,-93.165181,711310,PROMOTERS OF PERFORMING ARTS SPORTS AND SIMILAR EVENTS WITH FACILITIES,https://www.mnufc.com/stadium/,,,,2015-10-01,0,1,0,Salesforce
Sterling Commerce,SCC_1329,806,1304,AUDI FIELD,100 POTOMAC AVE SW,WASHINGTON,DC,20024,,(202) 587-5000,SINGLE USE,OPEN,20000,DISTRICT OF COLUMBIA,11001,USA,38.86854118,-77.01291752,711310,PROMOTERS OF PERFORMING ARTS SPORTS AND SIMILAR EVENTS WITH FACILITIES,https://www.audifielddc.com/,,,,2010-02-01,0,1,0,Salesforce
Sterling Commerce,SCC_1373,807,1305,PORTLAND INTERNATIONAL RACEWAY,1940 N VICTORY BLVD,PORTLAND,OR,97217,,(503) 823-7223,SINGLE USE,OPEN,-999,MULTNOMAH,41051,USA,45.5973698,-122.6953775,711212,RACETRACKS,http://www.portlandraceway.com/,,,,2018-09-01,0,2,0,Salesforce
Sterling Commerce,SCC_2838,808,1306,ELDORA SPEEDWAY,13929 OH 118,NEW WESTON,OH,45348,,(937) 338-3815,SINGLE USE,OPEN,17782,DARKE,39037,USA,40.318659,-84.633893,711212,RACETRACKS,http://www.eldoraspeedway.com/,,,,2011-02-01,0,1,0,Salesforce
Sterling Commerce,SCC_4318,812,1310,SHINNECOCK HILLS GOLF CLUB,200 TUCKAHOE ROAD,SOUTHHAMPTON,NY,11968,,(631) 283-1310,SINGLE USE,OPEN,-999,SUFFOLK,36103,USA,40.894115,-72.439801,713910,GOLF COURSES AND COUNTRY CLUBS,https://www.shinnecockhillsgolfclub.org/,,,,2016-08-01,0,2,0,Salesforce
Sterling Commerce,SCC_3702,817,1315,ESTADIO FRANCISCO VILLA,AVENIDA UNIVERSIDAD,VICTORIA DE DURANGO,DG,34100,,,SINGLE USE,OPEN,4983,DURANGO,10005,MEX,24.016328,-104.68908,711310,PROMOTERS OF PERFORMING ARTS SPORTS AND SIMILAR EVENTS WITH FACILITIES,http://beisbolchihuahua.com/generales-de-durango-de-lmb-requieren-remodelar-su-estadio-y-este-es-su-prototipo/,,,,2017-02-01,0,2,0,Salesforce
Sterling Commerce,SCC_3547,818,1316,UNI-TRADE STADIUM,6320 SINATRA PKWY,LAREDO,TX,78041,,(956) 753-6877,SINGLE USE,OPEN,6000,WEBB,48479,USA,27.554185,-99.455201,711310,PROMOTERS OF PERFORMING ARTS SPORTS AND SIMILAR EVENTS WITH FACILITIES,http://www.tecolotes2laredos.com/uni-trade-stadium/,,,,2017-12-01,0,1,0,Salesforce
Sterling Commerce,SCC_3253,819,1317,ESTADIO NUEVO LAREDO,ENTRADA A LA CIUDAD DEPORTIVA,NUEVO LAREDO,TM,88000,,,SINGLE USE,OPEN,7555,NUEVO LAREDO,28027,MEX,27.48016,-99.592019,711310,PROMOTERS OF PERFORMING ARTS SPORTS AND SIMILAR EVENTS WITH FACILITIES,http://www.tecolotes2laredos.com/nuevo-laredo/,,,,2014-01-01,0,2,0,Salesforce
Sterling Commerce,SCC_2191,822,1320,FLOWERS HALL,615 N PINE STREET,FLORENCE,AL,35630,,,SINGLE USE,OPEN,3500,LAUDERDALE,1077,USA,34.808402,-87.683793,711310,PROMOTERS OF PERFORMING ARTS SPORTS AND SIMILAR EVENTS WITH FACILITIES,http://una.sidearmsports.com/facilities/?id=3,,,,2010-01-01,0,1,0,Salesforce
Sterling Commerce,SCC_2513,825,1323,FISERV FORUM,901 VEL R PHILLIPS AVE,MILWAUKEE,WI,53203,,(414) 227-0504,MULTIUSE,OPEN,17000,MILWAUKEE,55079,USA,43.04505,-87.917318,711310,PROMOTERS OF PERFORMING ARTS SPORTS AND SIMILAR EVENTS WITH FACILITIES,https://www.fiservforum.com/,,,,2016-01-01,0,3,0,Salesforce
Sterling Commerce,SCC_1647,827,1325,MANDALAY BAY EVENTS CENTER,3950 S LAS VEGAS BLVD,LAS VEGAS,NV,89109,,(702) 632-7777,SINGLE USE,OPEN,12000,CLARK,32003,USA,36.09065469,-115.1789145,711310,PROMOTERS OF PERFORMING ARTS SPORTS AND SIMILAR EVENTS WITH FACILITIES,https://www.mandalaybay.com/en/entertainment/mandalay-bay-events-center.html,,,,2016-02-01,0,1,0,Salesforce
Sterling Commerce,SCC_3491,829,1327,WILLIAMS STADIUM,1971 UNIVERSITY BLVD,LYNCHBURG,VA,24502,,(434) 582-2040,SINGLE USE,OPEN,25000,LYNCHBURG,51680,USA,37.354417,-79.175036,711310,PROMOTERS OF PERFORMING ARTS SPORTS AND SIMILAR EVENTS WITH FACILITIES,http://www.liberty.edu/flames/index.cfm?PID=38090,,,,2013-02-01,0,3,0,Salesforce
Sterling Commerce,SCC_2364,832,1330,ST ELIZABETHS EAST ENTERTAINMENT AND SPORTS ARENA,1100 OAK DRIVE SE,WASHINGTON,DC,20032,,,SINGLE USE,OPEN,4200,DISTRICT OF COLUMBIA,11001,USA,38.846932,-76.991371,711310,PROMOTERS OF PERFORMING ARTS SPORTS AND SIMILAR EVENTS WITH FACILITIES,https://esaontherise.com/,,,,2016-06-01,0,1,0,Salesforce
Sterling Commerce,SCC_3109,833,1331,REDHAWK CENTER,550 14TH AVE,SEATTLE,WA,98112,,(206) 296-6441,SINGLE USE,OPEN,999,KING,53033,USA,47.607739,-122.313225,711310,PROMOTERS OF PERFORMING ARTS SPORTS AND SIMILAR EVENTS WITH FACILITIES,http://www.goseattleu.com/ViewArticle.dbml?ATCLID=208002661&DB_OEM_ID=18200&DB_OEM_ID=18200,,,CONNOLLY CENTER,2017-03-01,0,3,0,Salesforce
Sterling Commerce,SCC_2739,835,1332,UPMC EVENTS CENTER,6001 UNIVERSITY BLVD,MOON TOWNSHIP,PA,15108,,,,UNDER CONSTRUCTION,4000,ALLEGHENY,42003,USA,40.52024613,-80.21473892,711310,PROMOTERS OF PERFORMING ARTS SPORTS AND SIMILAR EVENTS WITH FACILITIES,https://www.rmu.edu/athletics/upmc-events-center?path=athletics,,,,2013-12-01,0,2,0,Salesforce
Sterling Commerce,SCC_2515,838,1335,CIRCUIT OF THE AMERICAS,9201 CIRCUIT OF THE AMERICAS BLVD,AUSTIN,TX,78617,,(512) 301-6600,SINGLE USE,OPEN,120000,TRAVIS,48453,USA,30.135444,-97.636688,711212,RACETRACKS,http://www.circuitoftheamericas.com/,,,,2014-10-01,0,1,0,Salesforce
